Imię;Nazwisko;Nr Tel. Klienta;Email Klienta
Łukasz ;Sikora ;111112912;m@1.pl
KAROL;Krawczyk;111112911;m@2.pl
KAROL;Krawczyk;111112910;m@3.pl
DOMINIKA;BEDNARCZYK;111112909;m@4.pl
DOMINIKA;BEDNARCZYK;111112908;m@5.pl
Tadeusz;Ząbczyński;111112907;m@6.pl
Rafał ;Cichy;111112906;m@7.pl
Katarzyna;Lenczowska;111112905;m@8.pl
Adam;Puta;111112904;m@1.pl
Adam;Puta;111112903;m@1.pl
Andrzej;Zięcina;111112902;Andrzej@Zięcina.pl
Paulina Karwan;Karwan;111112901;Paulina Karwan@Karwan.pl
Mikołaj;Sokołowski;111112900;Mikołaj@Sokołowski.pl
Vladyslav;Petrusenko;111112899;Vladyslav@Petrusenko.pl
Bartosz;Sokołowski;111112898;Bartosz@Sokołowski.pl
Janusz Starzec;Starzec;111112897;Janusz Starzec@Starzec.pl
Justyna Kafel;kiwior;111112896;Justyna Kafel@kiwior.pl
Justyna Kafel;kiwior;111112895;Justyna Kafel@kiwior.pl
Wiesław Siwek INTER AUTO;AUTO;111112894;Wiesław Siwek INTER AUTO@AUTO.pl
Wiesław Siwek INTER AUTO;AUTO;111112893;Wiesław Siwek INTER AUTO@AUTO.pl
Wiesław Siwek INTER AUTO;AUTO;111112892;Wiesław Siwek INTER AUTO@AUTO.pl
Wiesław Siwek INTER AUTO;AUTO;111112891;Wiesław Siwek INTER AUTO@AUTO.pl
Wiesław Siwek INTER AUTO;AUTO;111112890;Wiesław Siwek INTER AUTO@AUTO.pl
LESZEK;POLAK;111112889;LESZEK@POLAK.pl
LESZEK;POLAK;111112888;LESZEK@POLAK.pl
Klaudia;Mrowca;111112887;Klaudia@Mrowca.pl
LESZEK;POLAK;111112886;LESZEK@POLAK.pl
WŁODZIMIERZ;GURBIEL;111112885;WŁODZIMIERZ@GURBIEL.pl
WŁODZIMIERZ;GURBIEL;111112884;WŁODZIMIERZ@GURBIEL.pl
WŁODZIMIERZ;GURBIEL;111112883;WŁODZIMIERZ@GURBIEL.pl
Ernest Kurbiel;Kurbiel;111112882;Ernest Kurbiel@Kurbiel.pl
Konrad ;Oziębło ;111112881;Konrad @Oziębło .pl
Janusz;Pawlik;111112880;Janusz@Pawlik.pl
Janusz;Pawlik;111112879;Janusz@Pawlik.pl
Ireneusz ;Sieprawski;111112878;Ireneusz @Sieprawski.pl
Czeslaw;Baka;111112877;Czeslaw@Baka.pl
Mirosław ;kafel;111112876;Mirosław @kafel.pl
paweł;pawłowski;111112875;paweł@pawłowski.pl
GRZEGORZ KAWA;KAWA;111112874;GRZEGORZ KAWA@KAWA.pl
GRZEGORZ KAWA;KAWA;111112873;GRZEGORZ KAWA@KAWA.pl
mariusz;potępa;111112872;mariusz@potępa.pl
Krzysztof;Ludwig;111112871;Krzysztof@Ludwig.pl
Pavlo;Skakun;111112870;Pavlo@Skakun.pl
Marek;Wojtowicz;111112869;Marek@Wojtowicz.pl
Monika;Kaczka;111112868;Monika@Kaczka.pl
Arkadiusz;Gądek;111112867;Arkadiusz@Gądek.pl
Eliza Nowak;Nowak;111112866;Eliza Nowak@Nowak.pl
gerhard;adam;111112865;gerhard@adam.pl
Dorota;Ołów-Kawula;111112864;Dorota@Ołów-Kawula.pl
Dorota;Ołów-Kawula;111112863;Dorota@Ołów-Kawula.pl
Tomasz;Frań;111112862;Tomasz@Frań.pl
Artur Figiel;Figiel;111112861;Artur Figiel@Figiel.pl
Piotr;Krzewicki;111112860;Piotr@Krzewicki.pl
Marcin Smaczyński;Smaczyński;111112859;Marcin Smaczyński@Smaczyński.pl
Marcin;Kostrój;111112858;Marcin@Kostrój.pl
Tomasz;Jakubowski;111112857;Tomasz@Jakubowski.pl
Teresa;Sykała;111112856;Teresa@Sykała.pl
Kazimiera ;Cupial ;111112855;Kazimiera @Cupial .pl
Teresa Sykała;Sykała;111112854;Teresa Sykała@Sykała.pl
Mateusz;Sobczyk;111112853;Mateusz@Sobczyk.pl
Piotr Ryczko;Ryczko;111112852;Piotr Ryczko@Ryczko.pl
Agnieszka;Wicher;111112851;Agnieszka@Wicher.pl
Mariusz ;Kuras ;111112850;Mariusz @Kuras .pl
Paweł Godzwon;Godzwon;111112849;Paweł Godzwon@Godzwon.pl
Jakub;Rozenek;111112848;Jakub@Rozenek.pl
małgorzata;Górka-Szot;111112847;małgorzata@Górka-Szot.pl
Zuzanna;Górka;111112846;Zuzanna@Górka.pl
Dariusz Dariusz;Dariusz;111112845;Dariusz Dariusz@Dariusz.pl
Wojciech ;Frączek;111112844;Wojciech @Frączek.pl
Beata Bielawska;Bielawska;111112843;Beata Bielawska@Bielawska.pl
Marcin;Gonet;111112842;Marcin@Gonet.pl
Józef;Wojdala;111112841;Józef@Wojdala.pl
bogdan;kafel;111112840;bogdan@kafel.pl
Jarosław ;Kostecki ;111112839;Jarosław @Kostecki .pl
Dorota;Ołów-Kawula;111112838;Dorota@Ołów-Kawula.pl
Krzysztof;Żurek;111112837;Krzysztof@Żurek.pl
Grzegorz;Papierz;111112836;Grzegorz@Papierz.pl
Stanisław;Kramarz;111112835;Stanisław@Kramarz.pl
Piotr;Szczęsny ;111112834;Piotr@Szczęsny .pl
Michal;Cuber;111112833;Michal@Cuber.pl
Karolina;Furyk - Grabowska;111112832;Karolina@Furyk - Grabowska.pl
Rafał;sadowski;111112831;Rafał@sadowski.pl
Jakub Wójcik;Wójcik;111112830;Jakub Wójcik@Wójcik.pl
Jakub Wójcik;Wójcik;111112829;Jakub Wójcik@Wójcik.pl
rafał;sadowski;111112828;rafał@sadowski.pl
Teresa;Duda;111112827;Teresa@Duda.pl
Dorota;Marzec;111112826;Dorota@Marzec.pl
Konrad;Glaz;111112825;Konrad@Glaz.pl
Adam;Bentkowski;111112824;Adam@Bentkowski.pl
Tomasz ;Tarko;111112823;Tomasz @Tarko.pl
Grzegorz ;Kantor;111112822;Grzegorz @Kantor.pl
Feliks;Kochan;111112821;Feliks@Kochan.pl
Wojciech;Rataj;111112820;Wojciech@Rataj.pl
Andrzej Żmuda;Żmuda;111112819;Andrzej Żmuda@Żmuda.pl
Maciej;Semper;111112818;Maciej@Semper.pl
Zbigniew;Jatczak;111112817;Zbigniew@Jatczak.pl
Paweł ;Łakomy ;111112816;Paweł @Łakomy .pl
Mykola;Kasianenko;111112815;Mykola@Kasianenko.pl
Walentyna;Dworak;111112814;Walentyna@Dworak.pl
Patryk;Szarawara;111112813;Patryk@Szarawara.pl
Joanna;Smoleń;111112812;Joanna@Smoleń.pl
Iwona;Szwajcowska;111112811;Iwona@Szwajcowska.pl
GRZEGORZ DROŻDŻOWSKI;DROŻDŻOWSKI;111112810;GRZEGORZ DROŻDŻOWSKI@DROŻDŻOWSKI.pl
Agnieszka;Sańka;111112809;Agnieszka@Sańka.pl
Agnieszka;Sańka;111112808;Agnieszka@Sańka.pl
Dominik;Blachura;111112807;Dominik@Blachura.pl
Agnieszka Boroń;Boroń;111112806;Agnieszka Boroń@Boroń.pl
Marcin ;Żurek ;111112805;Marcin @Żurek .pl
Adam;Gawęda;111112804;Adam@Gawęda.pl
Bogusław;Leśniak;111112803;Bogusław@Leśniak.pl
Daria;Trybała;111112802;Daria@Trybała.pl
Maciek;Piotrowski;111112801;Maciek@Piotrowski.pl
Justyna ;Brzeska ;111112800;Justyna @Brzeska .pl
Rafał Adamski;Adamski;111112799;Rafał Adamski@Adamski.pl
Leszek;Sikora;111112798;Leszek@Sikora.pl
Radosław;Widerski;111112797;Radosław@Widerski.pl
Michał ;Sańka;111112796;Michał @Sańka.pl
Bartlomiej;Regulski;111112795;Bartlomiej@Regulski.pl
Marek ;Kucharczyk;111112794;Marek @Kucharczyk.pl
Łukasz;Sikoń;111112793;Łukasz@Sikoń.pl
Grzegorz;Frankowski;111112792;Grzegorz@Frankowski.pl
sebastian;bierca;111112791;sebastian@bierca.pl
Bogusław;farny;111112790;Bogusław@farny.pl
tomasz;kubisz;111112789;tomasz@kubisz.pl
Bogusław;farny;111112788;Bogusław@farny.pl
ilona;sitko;111112787;ilona@sitko.pl
Krzysztof, Paweł ;Zięba;111112786;Krzysztof, Paweł @Zięba.pl
Jan;CHMIEST;111112785;Jan@CHMIEST.pl
Krzysztof;Lib;111112784;Krzysztof@Lib.pl
artur;serek;111112783;artur@serek.pl
Anna Golonka;Golonka;111112782;Anna Golonka@Golonka.pl
agata;maciurzyńska;111112781;agata@maciurzyńska.pl
Waldemar ;Marszałek;111112780;Waldemar @Marszałek.pl
Roman Chodźba;Chodźba;111112779;Roman Chodźba@Chodźba.pl
Łukasz;Wandas;111112778;Łukasz@Wandas.pl
Tomasz ;Depra;111112777;Tomasz @Depra.pl
Dariusz ;Ząbczyński;111112776;Dariusz @Ząbczyński.pl
marek;baran;111112775;marek@baran.pl
Marek;Grzybowski;111112774;Marek@Grzybowski.pl
Artur;Sieklucki;111112773;Artur@Sieklucki.pl
Artur;Sieklucki;111112772;Artur@Sieklucki.pl
Hubert;Skrzypulec;111112771;Hubert@Skrzypulec.pl
Sebastian ;Węgiel;111112770;Sebastian @Węgiel.pl
anna;piwowarczyk;111112769;anna@piwowarczyk.pl
Piotr;Nurek;111112768;Piotr@Nurek.pl
Jarosław;Kacperek;111112767;Jarosław@Kacperek.pl
Jarosław;Kacperek;111112766;Jarosław@Kacperek.pl
piotr;kopeć;111112765;piotr@kopeć.pl
Mirosław;Czernik;111112764;Mirosław@Czernik.pl
Dawid;Pabisek;111112763;Dawid@Pabisek.pl
Tomasz ;Dziuba ;111112762;Tomasz @Dziuba .pl
Marek;Tomczyk;111112761;Marek@Tomczyk.pl
Robert;Ujma;111112760;Robert@Ujma.pl
Henryk;Baran;111112759;Henryk@Baran.pl
Beata;Płatek;111112758;Beata@Płatek.pl
RAFAŁ;NAZIM;111112757;RAFAŁ@NAZIM.pl
bartłomiej;karpała;111112756;bartłomiej@karpała.pl
Kamil;Kalisz;111112755;Kamil@Kalisz.pl
jacek;gurbiel;111112754;jacek@gurbiel.pl
Krzysztof;Kiereś;111112753;Krzysztof@Kiereś.pl
Ernest;Garncarczyk;111112752;Ernest@Garncarczyk.pl
Mateusz;Frosik;111112751;Mateusz@Frosik.pl
Mariusz ;Ogrodnik;111112750;Mariusz @Ogrodnik.pl
Mariusz;Ogrodnik;111112749;Mariusz@Ogrodnik.pl
Maciej;Dela;111112748;Maciej@Dela.pl
Justyna;Cygal;111112747;Justyna@Cygal.pl
Tomasz Jakubowski;Jakubowski;111112746;Tomasz Jakubowski@Jakubowski.pl
Arkadiusz;Gocal;111112745;Arkadiusz@Gocal.pl
Sławomir ;Milowski ;111112744;Sławomir @Milowski .pl
MAŁGORZATA;JASIEWICZ-JEDLIŃSKA;111112743;MAŁGORZATA@JASIEWICZ-JEDLIŃSKA.pl
RYSZARD;TWARDOWSKI;111112742;RYSZARD@TWARDOWSKI.pl
Agnieszka;Sańka;111112741;Agnieszka@Sańka.pl
Iwona Jatczak;Jatczak;111112740;Iwona Jatczak@Jatczak.pl
Agnieszka;Sańka;111112739;Agnieszka@Sańka.pl
Jolanta;Wącławska;111112738;Jolanta@Wącławska.pl
BARBARA;GACEK;111112737;BARBARA@GACEK.pl
Agnieszka;Sańka;111112736;Agnieszka@Sańka.pl
irek;Sańka;111112735;irek@Sańka.pl
Jerzy;Jeleń;111112734;Jerzy@Jeleń.pl
irek;Sańka;111112733;irek@Sańka.pl
Sebastian;Galon;111112732;Sebastian@Galon.pl
Grzegorz;Gola;111112731;Grzegorz@Gola.pl
Magdalena Józefczyk;Józefczyk;111112730;Magdalena Józefczyk@Józefczyk.pl
Iwona;Biskupska;111112729;Iwona@Biskupska.pl
Rydzard;Okarmus ;111112728;Rydzard@Okarmus .pl
Tomasz ;Calik;111112727;Tomasz @Calik.pl
Adam;Ziętara;111112726;Adam@Ziętara.pl
DAWID;MROŻEK;111112725;DAWID@MROŻEK.pl
Bogusław Staśto;Staśto;111112724;Bogusław Staśto@Staśto.pl
tomasz;okrajni;111112723;tomasz@okrajni.pl
Ryszard;Fultyn;111112722;Ryszard@Fultyn.pl
Paulina;Rosa;111112721;Paulina@Rosa.pl
Karol;Krzynówek;111112720;Karol@Krzynówek.pl
Orfeusz ;Wąsikowski;111112719;Orfeusz @Wąsikowski.pl
Karol;Krzynówek;111112718;Karol@Krzynówek.pl
agata ;Urbanska;111112717;agata @Urbanska.pl
Piotr ;Cieślik ;111112716;Piotr @Cieślik .pl
Monika;Mól;111112715;Monika@Mól.pl
ewa;michalska;111112714;ewa@michalska.pl
Edward;Pośnik;111112713;Edward@Pośnik.pl
Olaf;Hajduga;111112712;Olaf@Hajduga.pl
Anna ;Kotlińska;111112711;Anna @Kotlińska.pl
Janusz;Wilk;111112710;Janusz@Wilk.pl
marek;mikołajczyk;111112709;marek@mikołajczyk.pl
Arkadiusz;Szczepański;111112708;Arkadiusz@Szczepański.pl
Arkadiusz;Szczepański;111112707;Arkadiusz@Szczepański.pl
Paweł;Skonieczny;111112706;Paweł@Skonieczny.pl
Arkadiusz;Szczepański;111112705;Arkadiusz@Szczepański.pl
Arkadiusz;Szczepański;111112704;Arkadiusz@Szczepański.pl
Klaudia Durłak;Durłak;111112703;Klaudia Durłak@Durłak.pl
Sławomir;Marchewka;111112702;Sławomir@Marchewka.pl
Dominik;Kaczmarczyk;111112701;Dominik@Kaczmarczyk.pl
aneta;jamborska;111112700;aneta@jamborska.pl
Mirosław;Warchołek;111112699;Mirosław@Warchołek.pl
Sylwia ;Machaj ;111112698;Sylwia @Machaj .pl
Roman;Grudnik;111112697;Roman@Grudnik.pl
Łukasz ;Rzenno;111112696;Łukasz @Rzenno.pl
Mateusz;Mazur;111112695;Mateusz@Mazur.pl
Mateusz;Mazur;111112694;Mateusz@Mazur.pl
Jarosław;Karaś;111112693;Jarosław@Karaś.pl
Anna;Pałetko;111112692;Anna@Pałetko.pl
Marek;Rachwaniec;111112691;Marek@Rachwaniec.pl
Robert;Basista;111112690;Robert@Basista.pl
Joanna Dziedzic;Dziedzic;111112689;Joanna Dziedzic@Dziedzic.pl
Janusz;Pawlik;111112688;Janusz@Pawlik.pl
Wioletta;Grudnik;111112687;Wioletta@Grudnik.pl
marzena;mozal;111112686;marzena@mozal.pl
Paweł Mietła;Mietła;111112685;Paweł Mietła@Mietła.pl
Maciej;Syrek;111112684;Maciej@Syrek.pl
Marzena;Judka;111112683;Marzena@Judka.pl
Daruiusz ;Dąbrowski;111112682;Daruiusz @Dąbrowski.pl
Krzysztof;Marczykiewicz;111112681;Krzysztof@Marczykiewicz.pl
Artur;Tłuszcz;111112680;Artur@Tłuszcz.pl
Marcin;Wieczorek;111112679;Marcin@Wieczorek.pl
Adam;Wieczorek;111112678;Adam@Wieczorek.pl
Krzysztof;Marchewka;111112677;Krzysztof@Marchewka.pl
katarzyna ;nowakowska;111112676;katarzyna @nowakowska.pl
Andrzej;Mazur;111112675;Andrzej@Mazur.pl
Katarzyna;Leńczowska-Zbroch;111112674;Katarzyna@Leńczowska-Zbroch.pl
JAROSŁAW;PIEKARA;111112673;JAROSŁAW@PIEKARA.pl
Sławomir;Kuternak;111112672;Sławomir@Kuternak.pl
JAROSŁAW;PIEKARA;111112671;JAROSŁAW@PIEKARA.pl
Szczepan Wieczorek;Wieczorek;111112670;Szczepan Wieczorek@Wieczorek.pl
Kamil;Dętkoś;111112669;Kamil@Dętkoś.pl
JAROSŁAW;PIEKARA;111112668;JAROSŁAW@PIEKARA.pl
mariusz;mietła;111112667;mariusz@mietła.pl
Paweł Śniosek;Śniosek;111112666;Paweł Śniosek@Śniosek.pl
Piotr;Gacek;111112665;Piotr@Gacek.pl
MONIKA;SEKUŁA ;111112664;MONIKA@SEKUŁA .pl
Bartosz;Judasz;111112663;Bartosz@Judasz.pl
Tamara;Bąk;111112662;Tamara@Bąk.pl
Anna;Szlachta;111112661;Anna@Szlachta.pl
Katarzyna;Skwara;111112660;Katarzyna@Skwara.pl
Krzysztof Kośnik;Kośnik;111112659;Krzysztof Kośnik@Kośnik.pl
Wojciech;Rataj;111112658;Wojciech@Rataj.pl
Wojciech;Rataj;111112657;Wojciech@Rataj.pl
Sławomir;Maderak;111112656;Sławomir@Maderak.pl
Małgorzata ;Bożek;111112655;Małgorzata @Bożek.pl
Jacek;Prostak;111112654;Jacek@Prostak.pl
Marek;Kubuśka;111112653;Marek@Kubuśka.pl
Antoni ;Natkaniec;111112652;Antoni @Natkaniec.pl
mariusz;hagon;111112651;mariusz@hagon.pl
MAŁGORZATA CZAJOWSKA;CZAJOWSKA;111112650;MAŁGORZATA CZAJOWSKA@CZAJOWSKA.pl
Bożena;Stachurska;111112649;Bożena@Stachurska.pl
Michał;Warszawski;111112648;Michał@Warszawski.pl
Karolina;Golicz;111112647;Karolina@Golicz.pl
Kinga Jaskółka;Jaskółka;111112646;Kinga Jaskółka@Jaskółka.pl
Kinga Jaskółka;Jaskółka;111112645;Kinga Jaskółka@Jaskółka.pl
Grzegorz;Rapacz;111112644;Grzegorz@Rapacz.pl
Grzegorz;Rapacz;111112643;Grzegorz@Rapacz.pl
Kamil;Dętkoś;111112642;Kamil@Dętkoś.pl
Konrad ;Gurbiel;111112641;Konrad @Gurbiel.pl
Kazimierz;Wachowicz;111112640;Kazimierz@Wachowicz.pl
BARBARA;BAJUR;111112639;BARBARA@BAJUR.pl
Anna;Kruger;111112638;Anna@Kruger.pl
bogumila ;rutkowska;111112637;bogumila @rutkowska.pl
Mariusz ;Myśliwiec;111112636;Mariusz @Myśliwiec.pl
Piotr Nitka;Nitka;111112635;Piotr Nitka@Nitka.pl
Grzegorz;Rapacz;111112634;Grzegorz@Rapacz.pl
Mateusz;Tomal;111112633;Mateusz@Tomal.pl
Jacek ;Jastrzębski;111112632;Jacek @Jastrzębski.pl
Konrad Filo;Filo;111112631;Konrad Filo@Filo.pl
Michał;Sobesto;111112630;Michał@Sobesto.pl
Eliza Lulińska;Lulińska;111112629;Eliza Lulińska@Lulińska.pl
Robert;Plęskowski;111112628;Robert@Plęskowski.pl
Teresa ;Lelek;111112627;Teresa @Lelek.pl
barbara;lewczuk;111112626;barbara@lewczuk.pl
malgorzata;mierzwa;111112625;malgorzata@mierzwa.pl
Jan ;Cygan;111112624;Jan @Cygan.pl
Jan ;Cygan;111112623;Jan @Cygan.pl
Jerzy;Rusek;111112622;Jerzy@Rusek.pl
Michał;Gil;111112621;Michał@Gil.pl
Katarzyna;Pietrzyk;111112620;Katarzyna@Pietrzyk.pl
JAN;KRAWCZYK;111112619;JAN@KRAWCZYK.pl
JAN;KRAWCZYK;111112618;JAN@KRAWCZYK.pl
Iwona Jatczak;Jatczak;111112617;Iwona Jatczak@Jatczak.pl
Iwona ;Buczak-Lipik;111112616;Iwona @Buczak-Lipik.pl
Tomasz;Lis;111112615;Tomasz@Lis.pl
Adam;Puta;111112614;Adam@Puta.pl
Adam;Puta;111112613;Adam@Puta.pl
Aleksandra;Pernal;111112612;Aleksandra@Pernal.pl
Józef;Kadula;111112611;Józef@Kadula.pl
Justyna;Kadula;111112610;Justyna@Kadula.pl
Maciej;Dela;111112609;Maciej@Dela.pl
Zbigniew;Gębala;111112608;Zbigniew@Gębala.pl
Beata;Kleszcz;111112607;Beata@Kleszcz.pl
Zbigniew;Gębala;111112606;Zbigniew@Gębala.pl
lucjan;ciaranek;111112605;lucjan@ciaranek.pl
Bogusław Staśto;Staśto;111112604;Bogusław Staśto@Staśto.pl
Szymon;Suder;111112603;Szymon@Suder.pl
Grzegorz ;Hille;111112602;Grzegorz @Hille.pl
Edyta;Czopek;111112601;Edyta@Czopek.pl
Michał;Kurowski;111112600;Michał@Kurowski.pl
jarosław;małek;111112599;jarosław@małek.pl
Zbigniew ;Rosa;111112598;Zbigniew @Rosa.pl
Ryszard;Kulesa;111112597;Ryszard@Kulesa.pl
kamil;broś;111112596;kamil@broś.pl
ANTONI;WOLSKI;111112595;ANTONI@WOLSKI.pl
Paulina Nobis;Nobis;111112594;Paulina Nobis@Nobis.pl
Iwona Jatczak;Jatczak;111112593;Iwona Jatczak@Jatczak.pl
Artur Skwara;Skwara;111112592;Artur Skwara@Skwara.pl
Barbara;Duliban;111112591;Barbara@Duliban.pl
edward;sosnowski;111112590;edward@sosnowski.pl
Paulina;Zapart;111112589;Paulina@Zapart.pl
Paulina;Zapart;111112588;Paulina@Zapart.pl
Paulina;Zapart;111112587;Paulina@Zapart.pl
Paulina;Zapart;111112586;Paulina@Zapart.pl
Adam;Bober ;111112585;Adam@Bober .pl
Dariusz;Pabin;111112584;Dariusz@Pabin.pl
Cyprian ;Luzarowski ;111112583;Cyprian @Luzarowski .pl
Adam;Bober ;111112582;Adam@Bober .pl
Szymon ;Duda;111112581;Szymon @Duda.pl
Joanna ;Bobowska ;111112580;Joanna @Bobowska .pl
Jan kowalaski;jowalski;111112579;Jan kowalaski@jowalski.pl
Jan kowalaski;jowalski;111112578;Jan kowalaski@jowalski.pl
Jan kowalaski;jowalski;111112577;Jan kowalaski@jowalski.pl
Jan kowalaski;jowalski;111112576;Jan kowalaski@jowalski.pl
Jan kowalaski;jowalski;111112575;Jan kowalaski@jowalski.pl
Leszek ;Janas;111112574;Leszek @Janas.pl
Jan ;Ksiażek;111112573;Jan @Ksiażek.pl
Andrzej;Marzec;111112572;Andrzej@Marzec.pl
Małgorzata;GORAJ;111112571;Małgorzata@GORAJ.pl
Małgorzata;Goraj;111112570;Małgorzata@Goraj.pl
Małgorzata;Goraj;111112569;Małgorzata@Goraj.pl
Andrzej;Nocuń;111112568;Andrzej@Nocuń.pl
Ewelina;Pisarczyk;111112567;Ewelina@Pisarczyk.pl
Stanisława ;Telesińska;111112566;Stanisława @Telesińska.pl
Mateusz;Sobczyk;111112565;Mateusz@Sobczyk.pl
Mateusz;Połomski;111112564;Mateusz@Połomski.pl
Kamil;Lasocki;111112563;Kamil@Lasocki.pl
Piotr;Cybula;111112562;Piotr@Cybula.pl
Natalia;Maj;111112561;Natalia@Maj.pl
Łukasz;Kowalski;111112560;Łukasz@Kowalski.pl
Katarzyna ;Hajdaj;111112559;Katarzyna @Hajdaj.pl
Mateusz ;Gornisiewicz;111112558;Mateusz @Gornisiewicz.pl
Dominika;Maduzia;111112557;Dominika@Maduzia.pl
Marta;Mucha;111112556;Marta@Mucha.pl
Marek;Mucha;111112555;Marek@Mucha.pl
Artur;Mierzwa;111112554;Artur@Mierzwa.pl
Artur;Mierzwa;111112553;Artur@Mierzwa.pl
Artur;Mierzwa;111112552;Artur@Mierzwa.pl
maciej;koczur;111112551;maciej@koczur.pl
Tomasz;Żuradzki;111112550;Tomasz@Żuradzki.pl
Kamil Straszak;Straszak;111112549;Kamil Straszak@Straszak.pl
Kamil Straszak;Straszak;111112548;Kamil Straszak@Straszak.pl
Kamil Straszak;Straszak;111112547;Kamil Straszak@Straszak.pl
Dariusz Rożdżyński;Rożdżyński;111112546;Dariusz Rożdżyński@Rożdżyński.pl
Krzysztof;Stępkowski ;111112545;Krzysztof@Stępkowski .pl
Tomasz;Kozdraś;111112544;Tomasz@Kozdraś.pl
Tomasz;Kozdraś;111112543;Tomasz@Kozdraś.pl
Janusz;Pawlicki;111112542;Janusz@Pawlicki.pl
Sebastian;Pipień;111112541;Sebastian@Pipień.pl
Tomasz;Papież;111112540;Tomasz@Papież.pl
Aneta;Duda;111112539;Aneta@Duda.pl
Aneta;Duda;111112538;Aneta@Duda.pl
Aneta;duda;111112537;Aneta@duda.pl
piotr duda;duda;111112536;piotr duda@duda.pl
piotr duda;duda;111112535;piotr duda@duda.pl
Katarzyna;KURANDA;111112534;Katarzyna@KURANDA.pl
Jarosław;Krawczyk;111112533;Jarosław@Krawczyk.pl
Jarosław;Krawczyk;111112532;Jarosław@Krawczyk.pl
Dariusz;Pabin;111112531;Dariusz@Pabin.pl
Krzysztof ;Szostek;111112530;Krzysztof @Szostek.pl
Piotr Szerszeń;Szerszeń;111112529;Piotr Szerszeń@Szerszeń.pl
Tomasz ;Machnik;111112528;Tomasz @Machnik.pl
Tomasz;Machnik ;111112527;Tomasz@Machnik .pl
Mariusz Przysiezniak;Przysiezniak;111112526;Mariusz Przysiezniak@Przysiezniak.pl
Justyna Kralka;Kralka;111112525;Justyna Kralka@Kralka.pl
Konrad Czyż;Czyż;111112524;Konrad Czyż@Czyż.pl
Bartosz ;Wałkowiński;111112523;Bartosz @Wałkowiński.pl
Ryszard;Drożyńska;111112522;Ryszard@Drożyńska.pl
Ryszard;Drożyńska;111112521;Ryszard@Drożyńska.pl
Paweł;Szostak;111112520;Paweł@Szostak.pl
Dariusz ;Kopacki ;111112519;Dariusz @Kopacki .pl
Marta;Lelek;111112518;Marta@Lelek.pl
Bartek ;Gądek;111112517;Bartek @Gądek.pl
Krzysztof ;Nowiński;111112516;Krzysztof @Nowiński.pl
Tomasz;Nęcka;111112515;Tomasz@Nęcka.pl
Grzegorz;Zastawnik;111112514;Grzegorz@Zastawnik.pl
Janusz;Michalec;111112513;Janusz@Michalec.pl
Marta;Grabowska;111112512;Marta@Grabowska.pl
Piotr;Sułkowski;111112511;Piotr@Sułkowski.pl
Maciej;Kruk;111112510;Maciej@Kruk.pl
Agata Klejdysz;Klejdysz;111112509;Agata Klejdysz@Klejdysz.pl
Jolanta ;Cyganek;111112508;Jolanta @Cyganek.pl
Maciej Kowalczyk;Kowalczyk;111112507;Maciej Kowalczyk@Kowalczyk.pl
Kamil Kotula;Kotula;111112506;Kamil Kotula@Kotula.pl
Jakub;Piórko;111112505;Jakub@Piórko.pl
Wojciech;Rataj;111112504;Wojciech@Rataj.pl
Wojciech Rataj;Rataj;111112503;Wojciech Rataj@Rataj.pl
Piotr;Ciesielczyk;111112502;Piotr@Ciesielczyk.pl
IZABELA;GADEK;111112501;IZABELA@GADEK.pl
Szymon Leszczyński;Leszczyński;111112500;Szymon Leszczyński@Leszczyński.pl
Szymon Leszczyński;Leszczyński;111112499;Szymon Leszczyński@Leszczyński.pl
Mariusz;Świerk;111112498;Mariusz@Świerk.pl
Mariusz;Świerk;111112497;Mariusz@Świerk.pl
Anna;Szot;111112496;Anna@Szot.pl
Jerzy;Wrobel;111112495;Jerzy@Wrobel.pl
Jakub;Piórko;111112494;Jakub@Piórko.pl
Agata;Brożek;111112493;Agata@Brożek.pl
Marlena;Bieda;111112492;Marlena@Bieda.pl
Agnieszka;Wagner;111112491;Agnieszka@Wagner.pl
Joanna;Włodarska;111112490;Joanna@Włodarska.pl
Anna;Kłyś;111112489;Anna@Kłyś.pl
Anna ;Pałetko ;111112488;Anna @Pałetko .pl
Anna ;Pałetko ;111112487;Anna @Pałetko .pl
Martyna ;Łukasik;111112486;Martyna @Łukasik.pl
Mateusz ;Tomczyk ;111112485;Mateusz @Tomczyk .pl
Robert ;Kołodziejczyk;111112484;Robert @Kołodziejczyk.pl
Anna;Kłyś;111112483;Anna@Kłyś.pl
Sebastian Leszczyński;Leszczyński;111112482;Sebastian Leszczyński@Leszczyński.pl
Ireneusz;Rosa;111112481;Ireneusz@Rosa.pl
Edward;Szlęk;111112480;Edward@Szlęk.pl
Przemysław Kotaś;Kotaś;111112479;Przemysław Kotaś@Kotaś.pl
Robert;Mrugala;111112478;Robert@Mrugala.pl
Justyna;Bebak;111112477;Justyna@Bebak.pl
Justyna;Bebak;111112476;Justyna@Bebak.pl
Marcin Rapacz;Rapacz;111112475;Marcin Rapacz@Rapacz.pl
Krzysztof ;Zieliński ;111112474;Krzysztof @Zieliński .pl
Emilia Suwała;Suwała;111112473;Emilia Suwała@Suwała.pl
Danuta ;Trojan;111112472;Danuta @Trojan.pl
Paulina ;Jamborska ;111112471;Paulina @Jamborska .pl
Ewelina;Orzechowska;111112470;Ewelina@Orzechowska.pl
Aleksandra;Nowak;111112469;Aleksandra@Nowak.pl
Wiesław;Żelasko;111112468;Wiesław@Żelasko.pl
Michał ;Leńczuk;111112467;Michał @Leńczuk.pl
Beata;Tarabula;111112466;Beata@Tarabula.pl
Lucjan ;Walerjan ;111112465;Lucjan @Walerjan .pl
agnieszka;kuczyńska;111112464;agnieszka@kuczyńska.pl
Rafał;Skorupa;111112463;Rafał@Skorupa.pl
Rafał;Skorupa;111112462;Rafał@Skorupa.pl
Paweł;Obajtek;111112461;Paweł@Obajtek.pl
Roman;Kierzkowski;111112460;Roman@Kierzkowski.pl
Krzysztof ;Kłeczek;111112459;Krzysztof @Kłeczek.pl
Pamela;Jaros;111112458;Pamela@Jaros.pl
Tadeusz;Kłeczek;111112457;Tadeusz@Kłeczek.pl
Wojciech Trojszczak;Trojszczak;111112456;Wojciech Trojszczak@Trojszczak.pl
Wojciech Trojszczak;Trojszczak;111112455;Wojciech Trojszczak@Trojszczak.pl
Dariusz;Kusia;111112454;Dariusz@Kusia.pl
Marek ;FRYC ;111112453;Marek @FRYC .pl
Angelina ;Guzik;111112452;Angelina @Guzik.pl
DARIUSZ;PROKOPIUK;111112451;DARIUSZ@PROKOPIUK.pl
Daniel;Miklasiński;111112450;Daniel@Miklasiński.pl
Maria;Sikora;111112449;Maria@Sikora.pl
Artur;Oćwieja;111112448;Artur@Oćwieja.pl
Janusz;Gajoch;111112447;Janusz@Gajoch.pl
Szymon;Nurzyński;111112446;Szymon@Nurzyński.pl
Robert;Kopiński;111112445;Robert@Kopiński.pl
mateusz;suślik;111112444;mateusz@suślik.pl
Katarzyna;Jałocha;111112443;Katarzyna@Jałocha.pl
marek kromka;kromka;111112442;marek kromka@kromka.pl
Marcin;Łyczko;111112441;Marcin@Łyczko.pl
Jan;Surówka ;111112440;Jan@Surówka .pl
Grzegorz;Gajoch;111112439;Grzegorz@Gajoch.pl
Wiktoria;Pająk;111112438;Wiktoria@Pająk.pl
Anna;Błachut;111112437;Anna@Błachut.pl
Grzegorz;Ciaranek;111112436;Grzegorz@Ciaranek.pl
Stefan;Wierzbicki;111112435;Stefan@Wierzbicki.pl
DARIUSZ;KUBIK;111112434;DARIUSZ@KUBIK.pl
marzena;synowiec;111112433;marzena@synowiec.pl
marzena;synowiec;111112432;marzena@synowiec.pl
Aleksandra Karasiewicz;Karasiewicz;111112431;Aleksandra Karasiewicz@Karasiewicz.pl
Iwona Harasimowicz;Harasimowicz;111112430;Iwona Harasimowicz@Harasimowicz.pl
Lesław;Sygulski;111112429;Lesław@Sygulski.pl
Roman ;Tomerski;111112428;Roman @Tomerski.pl
Mieczysław ;Konik;111112427;Mieczysław @Konik.pl
Paweł ;Kurleto;111112426;Paweł @Kurleto.pl
Barbara ;Pająk;111112425;Barbara @Pająk.pl
Magdalena;Kliś-Suwała;111112424;Magdalena@Kliś-Suwała.pl
Agnieszka;Piszczek;111112423;Agnieszka@Piszczek.pl
Wladysław Koczwara;Koczwara;111112422;Wladysław Koczwara@Koczwara.pl
Jerzy;Juras;111112421;Jerzy@Juras.pl
Roman;Subotin;111112420;Roman@Subotin.pl
maciej;żądłowski;111112419;maciej@żądłowski.pl
Katarzyna ;Pietrzyk;111112418;Katarzyna @Pietrzyk.pl
Grzegorz;Wątor;111112417;Grzegorz@Wątor.pl
Paweł;Levchuk;111112416;Paweł@Levchuk.pl
Sabina Klimczyk;Klimczyk;111112415;Sabina Klimczyk@Klimczyk.pl
Robert ;Czopek;111112414;Robert @Czopek.pl
Andrzej;Fundament;111112413;Andrzej@Fundament.pl
Edyta ;Śliwa;111112412;Edyta @Śliwa.pl
Edyta ;Śliwa;111112411;Edyta @Śliwa.pl
Stanisława;Skalna;111112410;Stanisława@Skalna.pl
Wojciech;Molo;111112409;Wojciech@Molo.pl
Wojciech;Molo;111112408;Wojciech@Molo.pl
Wojciech;Molo;111112407;Wojciech@Molo.pl
Łukasz;Duliński;111112406;Łukasz@Duliński.pl
Małgorzata;Duliński;111112405;Małgorzata@Duliński.pl
Jadwiga ;Urbanik-Polowczyk;111112404;Jadwiga @Urbanik-Polowczyk.pl
Stanislaw;Mączyński;111112403;Stanislaw@Mączyński.pl
Dawid;Sotwin;111112402;Dawid@Sotwin.pl
Jarosław ;Pawłowski;111112401;Jarosław @Pawłowski.pl
Mariusz;Górka;111112400;Mariusz@Górka.pl
Mariusz;Górka;111112399;Mariusz@Górka.pl
WILHELM;SOŁTYS;111112398;WILHELM@SOŁTYS.pl
Wiesław ;Ciernia ;111112397;Wiesław @Ciernia .pl
Paweł;Bajon;111112396;Paweł@Bajon.pl
Wojciech;Leniartek;111112395;Wojciech@Leniartek.pl
marek;zawartka;111112394;marek@zawartka.pl
Jacek;Natkaniec ;111112393;Jacek@Natkaniec .pl
Andrzej Chojnacki;Chojnacki;111112392;Andrzej Chojnacki@Chojnacki.pl
Mieczysław ;Konik ;111112391;Mieczysław @Konik .pl
Bogusława ;Łata;111112390;Bogusława @Łata.pl
Zofia;Grodecka;111112389;Zofia@Grodecka.pl
Ewelina;Włodarczyk-Bała;111112388;Ewelina@Włodarczyk-Bała.pl
Ewelina;Włodarczyk-Bała;111112387;Ewelina@Włodarczyk-Bała.pl
Małgorzata Powałka;Powałka;111112386;Małgorzata Powałka@Powałka.pl
Andrzej;Kucharyk;111112385;Andrzej@Kucharyk.pl
Andrzej;Kucharyk;111112384;Andrzej@Kucharyk.pl
Renata ;Kopeć;111112383;Renata @Kopeć.pl
Grzegorz;Buturyn;111112382;Grzegorz@Buturyn.pl
Natalia;Kisiel;111112381;Natalia@Kisiel.pl
malgorzata tucznio;tucznio;111112380;malgorzata tucznio@tucznio.pl
barbara;iskra;111112379;barbara@iskra.pl
sebastian;ptak;111112378;sebastian@ptak.pl
stanisława;burda;111112377;stanisława@burda.pl
Agnieszka ;Krok;111112376;Agnieszka @Krok.pl
Agnieszka ;Krok;111112375;Agnieszka @Krok.pl
Kornelia;Gondek;111112374;Kornelia@Gondek.pl
ADAM;NOWICKI;111112373;ADAM@NOWICKI.pl
Karolina;Tylek;111112372;Karolina@Tylek.pl
Michał Kula;Kula;111112371;Michał Kula@Kula.pl
Oliwia;Padoł ;111112370;Oliwia@Padoł .pl
Wiesław;Marczyk;111112369;Wiesław@Marczyk.pl
Marcin ;Woźniak;111112368;Marcin @Woźniak.pl
Zbigniew;Piotrowski;111112367;Zbigniew@Piotrowski.pl
Vadym ;Voityk ;111112366;Vadym @Voityk .pl
Dominik Krawczyk;Krawczyk;111112365;Dominik Krawczyk@Krawczyk.pl
Anna ;Ślusarczyk;111112364;Anna @Ślusarczyk.pl
Karolina ;Jurkiewicz ;111112363;Karolina @Jurkiewicz .pl
Kazimiesz;Banaś;111112362;Kazimiesz@Banaś.pl
Artur Brzostek;Brzostek;111112361;Artur Brzostek@Brzostek.pl
Grzegorz;Tyrała;111112360;Grzegorz@Tyrała.pl
Dawid;Kaczka;111112359;Dawid@Kaczka.pl
Bogumił;Sikora;111112358;Bogumił@Sikora.pl
Barbara ;Kasza;111112357;Barbara @Kasza.pl
Andrzej;Lorek;111112356;Andrzej@Lorek.pl
Wiesław;Struzik;111112355;Wiesław@Struzik.pl
Andrzej ;CHABA;111112354;Andrzej @CHABA.pl
Slawomir;Marchewka;111112353;Slawomir@Marchewka.pl
Damian;Opryszek;111112352;Damian@Opryszek.pl
Dariusz Piekarski;Piekarski;111112351;Dariusz Piekarski@Piekarski.pl
Marcin;Miklasiński;111112350;Marcin@Miklasiński.pl
Anna;Żylińska;111112349;Anna@Żylińska.pl
Maciej Żurek;Żurek;111112348;Maciej Żurek@Żurek.pl
Tomasz ;Tabor;111112347;Tomasz @Tabor.pl
Tomasz ;Tabor;111112346;Tomasz @Tabor.pl
Rafał;Szczurek;111112345;Rafał@Szczurek.pl
Rafał;Szczurek;111112344;Rafał@Szczurek.pl
Fryderyk;Zoll;111112343;Fryderyk@Zoll.pl
Fryderyk;Zoll;111112342;Fryderyk@Zoll.pl
Ernest ;Astashev;111112341;Ernest @Astashev.pl
Rafał ;Kalita;111112340;Rafał @Kalita.pl
Mariusz ;Gołyźniak;111112339;Mariusz @Gołyźniak.pl
Mariusz ;Gołyźniak;111112338;Mariusz @Gołyźniak.pl
Ernest;Lechowski;111112337;Ernest@Lechowski.pl
Halina;Ziółko;111112336;Halina@Ziółko.pl
Czesław;Święch;111112335;Czesław@Święch.pl
Joanna;Ciemiera Woźniak ;111112334;Joanna@Ciemiera Woźniak .pl
Piotr;Burzyński;111112333;Piotr@Burzyński.pl
Tadeusz;Fujak;111112332;Tadeusz@Fujak.pl
Aleksandra;Rodacka;111112331;Aleksandra@Rodacka.pl
Izabela ;sobolewska;111112330;Izabela @sobolewska.pl
Dorota Bednarczyk;Bednarczyk;111112329;Dorota Bednarczyk@Bednarczyk.pl
Justyna Gruca;Gruca;111112328;Justyna Gruca@Gruca.pl
Marek;Adamus;111112327;Marek@Adamus.pl
Arkadiusz Raputa;Raputa;111112326;Arkadiusz Raputa@Raputa.pl
Andrzej Kondel;Kondel;111112325;Andrzej Kondel@Kondel.pl
Dariusz Piekarski;Piekarski;111112324;Dariusz Piekarski@Piekarski.pl
Łukasz Sadzik;Sadzik;111112323;Łukasz Sadzik@Sadzik.pl
Grzegorz ;Kwiecien;111112322;Grzegorz @Kwiecien.pl
Aleksander;Święcicki;111112321;Aleksander@Święcicki.pl
Bartłomiej ;Szymczyk;111112320;Bartłomiej @Szymczyk.pl
michał;chabior;111112319;michał@chabior.pl
Tomasza ;Kowacki ;111112318;Tomasza @Kowacki .pl
Tato;Khvichia;111112317;Tato@Khvichia.pl
robert;czeremuga;111112316;robert@czeremuga.pl
Katarzyna;Kościelniak;111112315;Katarzyna@Kościelniak.pl
robert;czeremuga;111112314;robert@czeremuga.pl
Łukasz;Staśko;111112313;Łukasz@Staśko.pl
Jakub ;Kochana ;111112312;Jakub @Kochana .pl
Kamil;Cudejko ;111112311;Kamil@Cudejko .pl
katarzyna;dzierwa;111112310;katarzyna@dzierwa.pl
Dmytro ;Hryshchenko ;111112309;Dmytro @Hryshchenko .pl
Aubrey Van Der Westhuizen;Van Der Westhuizen;111112308;Aubrey Van Der Westhuizen@Van Der Westhuizen.pl
zbigniew;miodek;111112307;zbigniew@miodek.pl
Robert ;Pietrzyk;111112306;Robert @Pietrzyk.pl
aleksander;król;111112305;aleksander@król.pl
Paweł;Antoszek;111112304;Paweł@Antoszek.pl
Slawomir;Kozlowski;111112303;Slawomir@Kozlowski.pl
beata;surówka;111112302;beata@surówka.pl
beata;surówka;111112301;beata@surówka.pl
Marcin;Baranik ;111112300;Marcin@Baranik .pl
Maksymilian Klapcia;Klapcia;111112299;Maksymilian Klapcia@Klapcia.pl
Marcin;Mietła;111112298;Marcin@Mietła.pl
Mariusz;Skotnicki;111112297;Mariusz@Skotnicki.pl
Grzegorz Wiecheć;Wiecheć;111112296;Grzegorz Wiecheć@Wiecheć.pl
Zbigniew ;Klimek;111112295;Zbigniew @Klimek.pl
Mariusz;Skotnicki;111112294;Mariusz@Skotnicki.pl
Antoni;Holik;111112293;Antoni@Holik.pl
PATRYK;SMACIARZ;111112292;PATRYK@SMACIARZ.pl
Adam;Puta;111112291;Adam@Puta.pl
Maciej;Wątor;111112290;Maciej@Wątor.pl
Renata;Okońska;111112289;Renata@Okońska.pl
Barbara;Furmanek;111112288;Barbara@Furmanek.pl
Jakub Kaleta;Kaleta;111112287;Jakub Kaleta@Kaleta.pl
Anna;Gruca ;111112286;Anna@Gruca .pl
piotr;patyga;111112285;piotr@patyga.pl
Tomasz Wróbel;Wróbel;111112284;Tomasz Wróbel@Wróbel.pl
JAN;OKRUTNIAK;111112283;JAN@OKRUTNIAK.pl
Agnieszka;Nogieć;111112282;Agnieszka@Nogieć.pl
Piotr;Tarnowski;111112281;Piotr@Tarnowski.pl
Piotr;Tarnowski;111112280;Piotr@Tarnowski.pl
Kornelia;Zakrzewicz;111112279;Kornelia@Zakrzewicz.pl
Adrian;Kisielewski;111112278;Adrian@Kisielewski.pl
Małgorzata ;Mastalerz;111112277;Małgorzata @Mastalerz.pl
Magdalena Mota;Mota;111112276;Magdalena Mota@Mota.pl
Jan;Radwański;111112275;Jan@Radwański.pl
INTERNETOWE CENTRUM;FINANSOWE;111112274;INTERNETOWE CENTRUM@FINANSOWE.pl
Zdzisław;Burowski;111112273;Zdzisław@Burowski.pl
Paweł Zalas;Zalas;111112272;Paweł Zalas@Zalas.pl
Kinga;Jaskółka;111112271;Kinga@Jaskółka.pl
Katarzyna;Żmigrodzka;111112270;Katarzyna@Żmigrodzka.pl
Katarzyna;Żmigrodzka;111112269;Katarzyna@Żmigrodzka.pl
Iwona ;Duch;111112268;Iwona @Duch.pl
Katarzyna;Żmigrodzka;111112267;Katarzyna@Żmigrodzka.pl
Kinga;Jaskółka;111112266;Kinga@Jaskółka.pl
Teresa;Godyń;111112265;Teresa@Godyń.pl
JAKUB ABRAMOWICZ;ABRAMOWICZ;111112264;JAKUB ABRAMOWICZ@ABRAMOWICZ.pl
XXX;XXX;111112263;XXX@XXX.pl
Bartłomiej;Borkowski;111112262;Bartłomiej@Borkowski.pl
Marianna;Wach;111112261;Marianna@Wach.pl
Maciek;Piotrowski;111112260;Maciek@Piotrowski.pl
Kinga Jaskółka;Jaskółka;111112259;Kinga Jaskółka@Jaskółka.pl
Andrzej ;Tyrka;111112258;Andrzej @Tyrka.pl
Matylda;Wejdman;111112257;Matylda@Wejdman.pl
Paweł ;Mogiła ;111112256;Paweł @Mogiła .pl
Mariisz;Chrupcala;111112255;Mariisz@Chrupcala.pl
Aleksandra;Gajda;111112254;Aleksandra@Gajda.pl
Mateusz;Pantoł;111112253;Mateusz@Pantoł.pl
Andrzej ;Majcherczyk;111112252;Andrzej @Majcherczyk.pl
ANETA ;BURCHAŁA;111112251;ANETA @BURCHAŁA.pl
Paweł ;Nowakowski;111112250;Paweł @Nowakowski.pl
Paweł ;Nowakowski;111112249;Paweł @Nowakowski.pl
Dominik Lipiarz;Lipiarz;111112248;Dominik Lipiarz@Lipiarz.pl
Sergiusz Jakubowski;Jakubowski;111112247;Sergiusz Jakubowski@Jakubowski.pl
Sergiusz ;Jakubowski;111112246;Sergiusz @Jakubowski.pl
Patrycja ;Janus;111112245;Patrycja @Janus.pl
Michał;Szczygieł;111112244;Michał@Szczygieł.pl
Adam;Surówka ;111112243;Adam@Surówka .pl
Tomasz;Fudalej;111112242;Tomasz@Fudalej.pl
Tomasz;Adamski;111112241;Tomasz@Adamski.pl
Anna;Brzychcy;111112240;Anna@Brzychcy.pl
Bartłomiej;Patrzyk;111112239;Bartłomiej@Patrzyk.pl
Dariusz;Bierzało;111112238;Dariusz@Bierzało.pl
Bartłomiej;Patrzyk;111112237;Bartłomiej@Patrzyk.pl
Jadwiga;Baran;111112236;Jadwiga@Baran.pl
Andrzej;Stachowski;111112235;Andrzej@Stachowski.pl
BARBARA;DUDEK;111112234;BARBARA@DUDEK.pl
Dawid;Dudek;111112233;Dawid@Dudek.pl
Anna ;Pałka;111112232;Anna @Pałka.pl
Antoni;Franaszek;111112231;Antoni@Franaszek.pl
Adam;Gołębiewski;111112230;Adam@Gołębiewski.pl
Adam;Prochal;111112229;Adam@Prochal.pl
Magdalena ;Gołębiewska;111112228;Magdalena @Gołębiewska.pl
Dorota;Moskała;111112227;Dorota@Moskała.pl
Jerzy;Synowski;111112226;Jerzy@Synowski.pl
Ewelina;Wrona;111112225;Ewelina@Wrona.pl
Beata;Tarabuła;111112224;Beata@Tarabuła.pl
Slawomir;Marchewka;111112223;Slawomir@Marchewka.pl
Michał ;Bała ;111112222;Michał @Bała .pl
krzysztof;bletek;111112221;krzysztof@bletek.pl
Agnieszka;Kiełb;111112220;Agnieszka@Kiełb.pl
Piotr;Guguła;111112219;Piotr@Guguła.pl
Monika;Poznańska;111112218;Monika@Poznańska.pl
Monika;Poznańska;111112217;Monika@Poznańska.pl
Monika;Poznańska;111112216;Monika@Poznańska.pl
Monika;Poznańska;111112215;Monika@Poznańska.pl
Monika;Poznańska;111112214;Monika@Poznańska.pl
Mateusz;Popiołek;111112213;Mateusz@Popiołek.pl
Jadwiga;Bogucka-Popiołek;111112212;Jadwiga@Bogucka-Popiołek.pl
Pawel ;NOWAK;111112211;Pawel @NOWAK.pl
Elzbieta;Stryjak;111112210;Elzbieta@Stryjak.pl
Kinga Sudecka;Sudecka;111112209;Kinga Sudecka@Sudecka.pl
Piotr;Olech;111112208;Piotr@Olech.pl
Sebastian Brzeziński;Brzeziński;111112207;Sebastian Brzeziński@Brzeziński.pl
Bartłomiej;Szczurek;111112206;Bartłomiej@Szczurek.pl
Dawid ;Kawa;111112205;Dawid @Kawa.pl
Łukasz;Sutor;111112204;Łukasz@Sutor.pl
piotr;bożek;111112203;piotr@bożek.pl
Małgorzata ;Skowronek;111112202;Małgorzata @Skowronek.pl
Damian;Kłyś;111112201;Damian@Kłyś.pl
Konrad;Żołnierczyk;111112200;Konrad@Żołnierczyk.pl
Iwona ;Kowacka ;111112199;Iwona @Kowacka .pl
Paweł Kasprzyk;Kasprzyk;111112198;Paweł Kasprzyk@Kasprzyk.pl
Katarzyna;Pulchna;111112197;Katarzyna@Pulchna.pl
Marian;Golas;111112196;Marian@Golas.pl
Renata;Janik;111112195;Renata@Janik.pl
Teresa;Witek;111112194;Teresa@Witek.pl
Dominik;Małysa;111112193;Dominik@Małysa.pl
Piotr;Maj;111112192;Piotr@Maj.pl
Dominik;Małysa;111112191;Dominik@Małysa.pl
Arkadiusz Wąsiołek;Wąsiołek;111112190;Arkadiusz Wąsiołek@Wąsiołek.pl
Arkadiusz Wąsiołek;Wąsiołek;111112189;Arkadiusz Wąsiołek@Wąsiołek.pl
Wacław ;Dudek ;111112188;Wacław @Dudek .pl
Monika ;Tłuszcz;111112187;Monika @Tłuszcz.pl
Mateusz;Popiołek;111112186;Mateusz@Popiołek.pl
Mateusz;Popiołek;111112185;Mateusz@Popiołek.pl
Boguslaw;Pawelek;111112184;Boguslaw@Pawelek.pl
Ryszard;Lewczuk;111112183;Ryszard@Lewczuk.pl
Barbara;Małek;111112182;Barbara@Małek.pl
Damian Pałka;Pałka;111112181;Damian Pałka@Pałka.pl
Beata;RYRAK ;111112180;Beata@RYRAK .pl
Barbara;Banach;111112179;Barbara@Banach.pl
Maciej Szumiec;Szumiec;111112178;Maciej Szumiec@Szumiec.pl
Piotr;Podgórni;111112177;Piotr@Podgórni.pl
MARIA;STUDNICKA;111112176;MARIA@STUDNICKA.pl
Justyna;Orłoś;111112175;Justyna@Orłoś.pl
Łukasz Daniec;Daniec;111112174;Łukasz Daniec@Daniec.pl
Dorota ;Gadocha-Bobek;111112173;Dorota @Gadocha-Bobek.pl
ZBIGNIEW;KASPRZYK;111112172;ZBIGNIEW@KASPRZYK.pl
Kordian;Szczyrbak;111112171;Kordian@Szczyrbak.pl
Magdalena ;Gacka;111112170;Magdalena @Gacka.pl
Roman ;Yurchuk ;111112169;Roman @Yurchuk .pl
Ewelina;Michalska;111112168;Ewelina@Michalska.pl
JANUSZ;BOBELA;111112167;JANUSZ@BOBELA.pl
Agnieszka;Boruchowska;111112166;Agnieszka@Boruchowska.pl
Agnieszka ;Mazur ;111112165;Agnieszka @Mazur .pl
DOROTA;GAJ;111112164;DOROTA@GAJ.pl
WLODZIMIERZ;GURBIEL;111112163;WLODZIMIERZ@GURBIEL.pl
WŁODZIMIERZ;GURBIEL;111112162;WŁODZIMIERZ@GURBIEL.pl
Adam Drozd;Drozd;111112161;Adam Drozd@Drozd.pl
Mateusz Liszka;Liszka;111112160;Mateusz Liszka@Liszka.pl
Danuta Goleń;Goleń;111112159;Danuta Goleń@Goleń.pl
Bartłomiej;Szymula;111112158;Bartłomiej@Szymula.pl
Monika;Prażmowsha-Hołyńska;111112157;Monika@Prażmowsha-Hołyńska.pl
Magdalena;Tyl;111112156;Magdalena@Tyl.pl
Aleksander;Parwa;111112155;Aleksander@Parwa.pl
Halina;Paś;111112154;Halina@Paś.pl
Marian;Sroka;111112153;Marian@Sroka.pl
Michał;Bochnia;111112152;Michał@Bochnia.pl
Krzysztof;Pilch;111112151;Krzysztof@Pilch.pl
Wiesław;Dziadkowiec;111112150;Wiesław@Dziadkowiec.pl
Robert ;Kosiec;111112149;Robert @Kosiec.pl
Ernest;Porebski;111112148;Ernest@Porebski.pl
Ernest;Porebski;111112147;Ernest@Porebski.pl
GRZEGORZ;HOLEWA;111112146;GRZEGORZ@HOLEWA.pl
Paweł ;Kęs;111112145;Paweł @Kęs.pl
Jerzy ;Majer ;111112144;Jerzy @Majer .pl
Michał ;Czech;111112143;Michał @Czech.pl
Beata;Sotwin;111112142;Beata@Sotwin.pl
Małgorzata ;Rachwał;111112141;Małgorzata @Rachwał.pl
Wiesław;Malik;111112140;Wiesław@Malik.pl
Grażyna ;Trepczyńska;111112139;Grażyna @Trepczyńska.pl
Joanna ;Nowak ;111112138;Joanna @Nowak .pl
Barbara;Martyna;111112137;Barbara@Martyna.pl
Dawid;Walczak;111112136;Dawid@Walczak.pl
Kamil Strzelecki;Strzelecki;111112135;Kamil Strzelecki@Strzelecki.pl
JÓZEF;PASEK;111112134;JÓZEF@PASEK.pl
Rafał;Mętel;111112133;Rafał@Mętel.pl
Dariusz;Zieliński;111112132;Dariusz@Zieliński.pl
Marcin;Pałka;111112131;Marcin@Pałka.pl
Mirosław ;Dybilas;111112130;Mirosław @Dybilas.pl
Bogdan;Pala ;111112129;Bogdan@Pala .pl
Urszula;Romek;111112128;Urszula@Romek.pl
Dominik ;Szulc;111112127;Dominik @Szulc.pl
Ernest Rajca;Rajca;111112126;Ernest Rajca@Rajca.pl
Bartosz;Macul;111112125;Bartosz@Macul.pl
Andrzej ;Ucisko;111112124;Andrzej @Ucisko.pl
Andrzej;Ucisko;111112123;Andrzej@Ucisko.pl
Stanisław;Ucisko;111112122;Stanisław@Ucisko.pl
jacek bryl;bryl;111112121;jacek bryl@bryl.pl
Elżbieta ;Kaczmarczyk;111112120;Elżbieta @Kaczmarczyk.pl
BOGDAN;PAMUŁA;111112119;BOGDAN@PAMUŁA.pl
Tomasz;Napart;111112118;Tomasz@Napart.pl
Mateusz ;Michno;111112117;Mateusz @Michno.pl
Toyota ;Dobrygowski;111112116;Toyota @Dobrygowski.pl
Toyota;Dobrygowski;111112115;Toyota@Dobrygowski.pl
Toyota;Dobrygowski;111112114;Toyota@Dobrygowski.pl
Toyota;Dobrygowski;111112113;Toyota@Dobrygowski.pl
Mariusz;Kudyk;111112112;Mariusz@Kudyk.pl
Mariusz;Kudyk;111112111;Mariusz@Kudyk.pl
Sylwia;Bętkowska;111112110;Sylwia@Bętkowska.pl
Marzena ;Starowicz;111112109;Marzena @Starowicz.pl
Małgorzata ;Huczała ;111112108;Małgorzata @Huczała .pl
Iwona Radkowska;Radkowska;111112107;Iwona Radkowska@Radkowska.pl
Jolanta;Nowak;111112106;Jolanta@Nowak.pl
Mirosław;Surówka;111112105;Mirosław@Surówka.pl
Tadeusz;Kozłowski;111112104;Tadeusz@Kozłowski.pl
Tadeusz;Kozłowski;111112103;Tadeusz@Kozłowski.pl
józef;Gębarowski;111112102;józef@Gębarowski.pl
Łukasz;Nalepa;111112101;Łukasz@Nalepa.pl
Włodzimierz;Słota;111112100;Włodzimierz@Słota.pl
Kamil Puchała;Puchała;111112099;Kamil Puchała@Puchała.pl
MATEUSZ;HYSZKO;111112098;MATEUSZ@HYSZKO.pl
Grzegorz ;Milc;111112097;Grzegorz @Milc.pl
agnieszka;drabik;111112096;agnieszka@drabik.pl
jan;drabik;111112095;jan@drabik.pl
Anna;Kurek-Przybilski;111112094;Anna@Kurek-Przybilski.pl
Kazimierz;Sanecki;111112093;Kazimierz@Sanecki.pl
Paweł ;Bińczycki;111112092;Paweł @Bińczycki.pl
Marek;Kaszuba;111112091;Marek@Kaszuba.pl
Mariusz ;Kruczek;111112090;Mariusz @Kruczek.pl
Józef;Racułt;111112089;Józef@Racułt.pl
Bogumiła Opiela;Opiela;111112088;Bogumiła Opiela@Opiela.pl
Michał;Szczyrbak;111112087;Michał@Szczyrbak.pl
jarosłąw;sosińska;111112086;jarosłąw@sosińska.pl
Marcin;Klaś;111112085;Marcin@Klaś.pl
Arleta;Ściepura;111112084;Arleta@Ściepura.pl
Jakub Przetocki;Przetocki;111112083;Jakub Przetocki@Przetocki.pl
Michał Doniec;Doniec;111112082;Michał Doniec@Doniec.pl
Robert;Ludwikowski;111112081;Robert@Ludwikowski.pl
Anna;Kantor;111112080;Anna@Kantor.pl
Beata ;Łachman;111112079;Beata @Łachman.pl
Beata Zabilska;Zabilska;111112078;Beata Zabilska@Zabilska.pl
Barbara;Łyszczarz;111112077;Barbara@Łyszczarz.pl
Łukasz ;Baster;111112076;Łukasz @Baster.pl
Wojciech;Mossakowski;111112075;Wojciech@Mossakowski.pl
Mateusz;Kapusta;111112074;Mateusz@Kapusta.pl
Lukasz;Baster;111112073;Lukasz@Baster.pl
Izabela;Rudecka;111112072;Izabela@Rudecka.pl
Paweł;Romek;111112071;Paweł@Romek.pl
Paweł;Trojanowski;111112070;Paweł@Trojanowski.pl
ZBIGNIEW;JANIA;111112069;ZBIGNIEW@JANIA.pl
Maria;Góralczyk;111112068;Maria@Góralczyk.pl
Janusz;Fatyga;111112067;Janusz@Fatyga.pl
Kamil;Irlik;111112066;Kamil@Irlik.pl
Rafal ;Ciernia;111112065;Rafal @Ciernia.pl
Rafal ;Ciernia;111112064;Rafal @Ciernia.pl
Tomasz Niebrzegowski;Niebrzegowski;111112063;Tomasz Niebrzegowski@Niebrzegowski.pl
Bartlomiej Starowicz;Starowicz;111112062;Bartlomiej Starowicz@Starowicz.pl
Justyna ;Latos;111112061;Justyna @Latos.pl
Jerzy;Buczak;111112060;Jerzy@Buczak.pl
Piotr;Orczyk;111112059;Piotr@Orczyk.pl
Dariusz;Kobucki;111112058;Dariusz@Kobucki.pl
Marika;Czyżewska;111112057;Marika@Czyżewska.pl
Anna;Kantor ;111112056;Anna@Kantor .pl
Łukasz Strojnowski;Strojnowski;111112055;Łukasz Strojnowski@Strojnowski.pl
Wacław;Ligocki;111112054;Wacław@Ligocki.pl
Grzegorz;Skowronek ;111112053;Grzegorz@Skowronek .pl
Grzegorz Jurczyk;Jurczyk;111112052;Grzegorz Jurczyk@Jurczyk.pl
Grzegorz Jurczyk;Jurczyk;111112051;Grzegorz Jurczyk@Jurczyk.pl
Ewa;Nowak;111112050;Ewa@Nowak.pl
Krzysztof Kania;Kania;111112049;Krzysztof Kania@Kania.pl
Izabela;Rusek-Pura;111112048;Izabela@Rusek-Pura.pl
Danuta ;Marusińska ;111112047;Danuta @Marusińska .pl
Józef;Łężniak;111112046;Józef@Łężniak.pl
Danuta;Marusińska;111112045;Danuta@Marusińska.pl
Pawel;Karnia;111112044;Pawel@Karnia.pl
Michał ;Bełzowski;111112043;Michał @Bełzowski.pl
Grzegorz;Nowak;111112042;Grzegorz@Nowak.pl
Adrian Kot;Kot;111112041;Adrian Kot@Kot.pl
Izabela;Budek;111112040;Izabela@Budek.pl
Izabela;Budek;111112039;Izabela@Budek.pl
Grzegorz;Sroka;111112038;Grzegorz@Sroka.pl
Józef;Tarnowski;111112037;Józef@Tarnowski.pl
Ryszard;Frączyk;111112036;Ryszard@Frączyk.pl
Katarzyna;Wicherek;111112035;Katarzyna@Wicherek.pl
Marek ;Trela;111112034;Marek @Trela.pl
Jakub;Pałac;111112033;Jakub@Pałac.pl
Marian;Piekarz;111112032;Marian@Piekarz.pl
Ewa;Sowa;111112031;Ewa@Sowa.pl
Wiesław ;Kwaśny;111112030;Wiesław @Kwaśny.pl
Renata;Kurkiewicz;111112029;Renata@Kurkiewicz.pl
Paweł ;Galos;111112028;Paweł @Galos.pl
Krystyna;Kurek;111112027;Krystyna@Kurek.pl
Dmytro;Hryshchuk;111112026;Dmytro@Hryshchuk.pl
Kacper ;Mucha;111112025;Kacper @Mucha.pl
Witold;Łuczkoś;111112024;Witold@Łuczkoś.pl
Dariusz;HRABIA ;111112023;Dariusz@HRABIA .pl
Sebastian Surdziel;Surdziel;111112022;Sebastian Surdziel@Surdziel.pl
Beata;Rek;111112021;Beata@Rek.pl
Monika;Wiśniewska;111112020;Monika@Wiśniewska.pl
Katarzyna Pawlik;Pawlik;111112019;Katarzyna Pawlik@Pawlik.pl
slawomir antoszczyk;antoszczyk;111112018;slawomir antoszczyk@antoszczyk.pl
Krystyn;Lipiarski;111112017;Krystyn@Lipiarski.pl
Justyna;Mularczyk;111112016;Justyna@Mularczyk.pl
Jakub;Ochabski;111112015;Jakub@Ochabski.pl
Jakub;Ochabski;111112014;Jakub@Ochabski.pl
Grzegorz;Migo;111112013;Grzegorz@Migo.pl
Monika;Zaprzałka ;111112012;Monika@Zaprzałka .pl
Cyprian;Piegza;111112011;Cyprian@Piegza.pl
Tomasz;Kupczyk;111112010;Tomasz@Kupczyk.pl
Iwona Chucherko;Chucherko;111112009;Iwona Chucherko@Chucherko.pl
Dominik;Urban;111112008;Dominik@Urban.pl
Natalia Gąsienica;Gąsienica;111112007;Natalia Gąsienica@Gąsienica.pl
Damian;Mroziński;111112006;Damian@Mroziński.pl
ANNA ;PROCHOWNIK;111112005;ANNA @PROCHOWNIK.pl
Andrzej Wlazło;Wlazło;111112004;Andrzej Wlazło@Wlazło.pl
Dominik;Zioło;111112003;Dominik@Zioło.pl
sebastian`;urbanik;111112002;sebastian`@urbanik.pl
sebastian;urbanik;111112001;sebastian@urbanik.pl
Dominik;Hebda;111112000;Dominik@Hebda.pl
Sylwester;Pala;111111999;Sylwester@Pala.pl
Wojciech ;Gaj ;111111998;Wojciech @Gaj .pl
Adam;Smolnicki;111111997;Adam@Smolnicki.pl
Jan;Gruszka;111111996;Jan@Gruszka.pl
Beata;Rek;111111995;Beata@Rek.pl
Grzegorz;Łukasik;111111994;Grzegorz@Łukasik.pl
Łukasz ;Okarmus;111111993;Łukasz @Okarmus.pl
Grzegorz;Łukasik;111111992;Grzegorz@Łukasik.pl
Piotr;Uhruski;111111991;Piotr@Uhruski.pl
Natalia;Piskorz;111111990;Natalia@Piskorz.pl
Michał Koryczan;Koryczan;111111989;Michał Koryczan@Koryczan.pl
Damian;Kowalski;111111988;Damian@Kowalski.pl
Urszula;SOBAŚ;111111987;Urszula@SOBAŚ.pl
Dagmara Izabela ;Gościej;111111986;Dagmara Izabela @Gościej.pl
Michał;Kordecki;111111985;Michał@Kordecki.pl
Wojciech ;Witek;111111984;Wojciech @Witek.pl
Andrzej;Starowicz ;111111983;Andrzej@Starowicz .pl
Wojciech;Witek;111111982;Wojciech@Witek.pl
Krzysztof;Kruk;111111981;Krzysztof@Kruk.pl
Karolina;Kleczkiewicz;111111980;Karolina@Kleczkiewicz.pl
Katarzyna;Rychlicka;111111979;Katarzyna@Rychlicka.pl
Anna;Cholewa;111111978;Anna@Cholewa.pl
rYSZARD;SURGA;111111977;rYSZARD@SURGA.pl
Dominik;Dominik;111111976;Dominik@Dominik.pl
Dominik;Mikulski;111111975;Dominik@Mikulski.pl
Małgorzata;Świdowska;111111974;Małgorzata@Świdowska.pl
Piotr Tylek;Tylek;111111973;Piotr Tylek@Tylek.pl
Stanisława;OŻÓG;111111972;Stanisława@OŻÓG.pl
Katarzyna;Niemiec;111111971;Katarzyna@Niemiec.pl
Piotr Tylek;Tylek;111111970;Piotr Tylek@Tylek.pl
Krzysztof ;Czekaj;111111969;Krzysztof @Czekaj.pl
Anna Smyk;Smyk;111111968;Anna Smyk@Smyk.pl
Dariusz Gala;Gala;111111967;Dariusz Gala@Gala.pl
Małgorzata Augustyniak;Augustyniak;111111966;Małgorzata Augustyniak@Augustyniak.pl
Grażyna ;Trepczyńska;111111965;Grażyna @Trepczyńska.pl
Katarzyna;Mach;111111964;Katarzyna@Mach.pl
Alicja ;Skotniczna;111111963;Alicja @Skotniczna.pl
dariusz;morawski;111111962;dariusz@morawski.pl
Damian;Więcek;111111961;Damian@Więcek.pl
Artur ;Stręk;111111960;Artur @Stręk.pl
Rafał;Musiał ;111111959;Rafał@Musiał .pl
Tomasz Roman;Roman;111111958;Tomasz Roman@Roman.pl
wiesław;gumuliński;111111957;wiesław@gumuliński.pl
Tomasz Roman;Roman;111111956;Tomasz Roman@Roman.pl
Tomasz Roman;Roman;111111955;Tomasz Roman@Roman.pl
Piotr;Makowski;111111954;Piotr@Makowski.pl
jacek;mroszczak;111111953;jacek@mroszczak.pl
Paweł Cichórz;Cichórz;111111952;Paweł Cichórz@Cichórz.pl
Paweł;Pawłowski ;111111951;Paweł@Pawłowski .pl
Andrzej;Magoska ;111111950;Andrzej@Magoska .pl
Agnieszka;Słonina;111111949;Agnieszka@Słonina.pl
Leszek;Spytkowski;111111948;Leszek@Spytkowski.pl
Agnieszka Wójcik;Wójcik;111111947;Agnieszka Wójcik@Wójcik.pl
robert;gusć;111111946;robert@gusć.pl
Grzegorz;Klich;111111945;Grzegorz@Klich.pl
Paweł Kaczmarczyk;Kaczmarczyk;111111944;Paweł Kaczmarczyk@Kaczmarczyk.pl
Krzysztof;Skotniczny;111111943;Krzysztof@Skotniczny.pl
Sylwester;Woźniczka;111111942;Sylwester@Woźniczka.pl
Mikołaj Sieńko;Sieńko;111111941;Mikołaj Sieńko@Sieńko.pl
Arkadiusz;Najder;111111940;Arkadiusz@Najder.pl
Krzysztof ;Mitonski ;111111939;Krzysztof @Mitonski .pl
Adam Dymanus;Dymanus;111111938;Adam Dymanus@Dymanus.pl
Wojciech Gargul;Gargul;111111937;Wojciech Gargul@Gargul.pl
Marian;Doła;111111936;Marian@Doła.pl
Kamil;Samek;111111935;Kamil@Samek.pl
Paweł ;Lewandowski;111111934;Paweł @Lewandowski.pl
Grzegorz Ciemierz;Ciemierz;111111933;Grzegorz Ciemierz@Ciemierz.pl
Elżbieta;Hołda;111111932;Elżbieta@Hołda.pl
Zdzislaw;Pieczarek;111111931;Zdzislaw@Pieczarek.pl
Ignacy;Matysik;111111930;Ignacy@Matysik.pl
Weronika ;Łysek;111111929;Weronika @Łysek.pl
Marzena ;Kozyra ;111111928;Marzena @Kozyra .pl
Jaroslaw;Witek;111111927;Jaroslaw@Witek.pl
Kamil;Szczypczyk;111111926;Kamil@Szczypczyk.pl
Joanna;Figlarz;111111925;Joanna@Figlarz.pl
JOLANTA;KOŁODZIEJCZYK;111111924;JOLANTA@KOŁODZIEJCZYK.pl
Mateusz;Cerek;111111923;Mateusz@Cerek.pl
Małgorzata ;Hejnar;111111922;Małgorzata @Hejnar.pl
Rafal;Bochenczajlk;111111921;Rafal@Bochenczajlk.pl
Karolina ;Grudzień ;111111920;Karolina @Grudzień .pl
SERHII;BAZIL;111111919;SERHII@BAZIL.pl
Władysław;Sikora;111111918;Władysław@Sikora.pl
Artur ;Zawadziński;111111917;Artur @Zawadziński.pl
Józef;Piech;111111916;Józef@Piech.pl
Jakub ;Kucharz;111111915;Jakub @Kucharz.pl
Katarzyna;Wilk;111111914;Katarzyna@Wilk.pl
Jan;Halicki;111111913;Jan@Halicki.pl
Katarzyna ;Ryłko;111111912;Katarzyna @Ryłko.pl
Mykhailo;Basha;111111911;Mykhailo@Basha.pl
Iwona;Kuglin;111111910;Iwona@Kuglin.pl
Tomasz;Wachel;111111909;Tomasz@Wachel.pl
Barbara;Dander;111111908;Barbara@Dander.pl
Agnieszka;Adamczyk ;111111907;Agnieszka@Adamczyk .pl
Agnieszka;Adamczyk ;111111906;Agnieszka@Adamczyk .pl
Ewelina ;Pelowska ;111111905;Ewelina @Pelowska .pl
Jerzy;Buzala;111111904;Jerzy@Buzala.pl
Krystyna;Ślósarczyk;111111903;Krystyna@Ślósarczyk.pl
Łukasz ;Izdebski ;111111902;Łukasz @Izdebski .pl
Grzegorz;Wójcik;111111901;Grzegorz@Wójcik.pl
Jacek;Żabiński ;111111900;Jacek@Żabiński .pl
Sławomir ;Szafranski ;111111899;Sławomir @Szafranski .pl
AGNIESZKA;BEDNAREK;111111898;AGNIESZKA@BEDNAREK.pl
Nikoletta;Bębenek;111111897;Nikoletta@Bębenek.pl
Paweł ;Godzik;111111896;Paweł @Godzik.pl
Aleksander;Chechelski;111111895;Aleksander@Chechelski.pl
Bożena;Lecler;111111894;Bożena@Lecler.pl
Janusz;Arendarczyk;111111893;Janusz@Arendarczyk.pl
Sławomir;Knapik;111111892;Sławomir@Knapik.pl
ZBIGNIEW;BIEDZCKI;111111891;ZBIGNIEW@BIEDZCKI.pl
Jakub;Królik;111111890;Jakub@Królik.pl
Edward;Jasiolek;111111889;Edward@Jasiolek.pl
Oskar;Klimowski;111111888;Oskar@Klimowski.pl
Sebastian;Czapla;111111887;Sebastian@Czapla.pl
Grupa Cichy-Zasada;Chlipała;111111886;Grupa Cichy-Zasada@Chlipała.pl
Kamila;Stefańska;111111885;Kamila@Stefańska.pl
Pawel;Otczyk;111111884;Pawel@Otczyk.pl
Zbigniew;Strzemecki;111111883;Zbigniew@Strzemecki.pl
Adrian;Popiołek;111111882;Adrian@Popiołek.pl
Anna;Drabek;111111881;Anna@Drabek.pl
Olga ;Zarzycka ;111111880;Olga @Zarzycka .pl
Szymon;Janiciak;111111879;Szymon@Janiciak.pl
Konrad Jewiarz;Jewiarz;111111878;Konrad Jewiarz@Jewiarz.pl
Filip;Kadula;111111877;Filip@Kadula.pl
Marek;Janas;111111876;Marek@Janas.pl
JÓZEF;BARAN;111111875;JÓZEF@BARAN.pl
Katarzyna ;Klimczyk;111111874;Katarzyna @Klimczyk.pl
Katarzyna;Bisset-Jintcharadze;111111873;Katarzyna@Bisset-Jintcharadze.pl
Anna Budzyńska;Budzyńska;111111872;Anna Budzyńska@Budzyńska.pl
Anna Budzyńska;Budzyńska;111111871;Anna Budzyńska@Budzyńska.pl
Ewa;Malik;111111870;Ewa@Malik.pl
Marek;Janecki;111111869;Marek@Janecki.pl
Ewa;Malik;111111868;Ewa@Malik.pl
Ewa;Malik;111111867;Ewa@Malik.pl
Bernardeta ;Zadęcka ;111111866;Bernardeta @Zadęcka .pl
Grzegorz;Tofil;111111865;Grzegorz@Tofil.pl
Joanna;Cioch;111111864;Joanna@Cioch.pl
Jacek;Koźliński;111111863;Jacek@Koźliński.pl
Patrycja;Bernasowska;111111862;Patrycja@Bernasowska.pl
Iwona 3;Wrona;111111861;Iwona 3@Wrona.pl
Sławomir;Zarosa;111111860;Sławomir@Zarosa.pl
Grupa Cichy-Zasada;Chlipała;111111859;Grupa Cichy-Zasada@Chlipała.pl
Grupa Cichy-Zasada;Chlipała;111111858;Grupa Cichy-Zasada@Chlipała.pl
Grupa Cichy-Zasada;Chlipała;111111857;Grupa Cichy-Zasada@Chlipała.pl
Grupa Cichy-Zasada;Chlipała;111111856;Grupa Cichy-Zasada@Chlipała.pl
Joanna;Rekies-Nurzyńska;111111855;Joanna@Rekies-Nurzyńska.pl
Jarosław ;Adamski;111111854;Jarosław @Adamski.pl
Katarzyna ;Jangrot;111111853;Katarzyna @Jangrot.pl
Agnieszka;Boruchowska;111111852;Agnieszka@Boruchowska.pl
szymon;prorok;111111851;szymon@prorok.pl
Artur ;Mazurek ;111111850;Artur @Mazurek .pl
Zuzanna ;Kotula;111111849;Zuzanna @Kotula.pl
Maksymilian Maniocha;Maniocha;111111848;Maksymilian Maniocha@Maniocha.pl
AGNIESZKA;GRACA;111111847;AGNIESZKA@GRACA.pl
Paweł;Ciesielczyk;111111846;Paweł@Ciesielczyk.pl
Adam;Stańczyk;111111845;Adam@Stańczyk.pl
Barbara;Morawska;111111844;Barbara@Morawska.pl
GRZEGORZ LIGOCKI;LIGOCKI;111111843;GRZEGORZ LIGOCKI@LIGOCKI.pl
Grażyna;Lelek;111111842;Grażyna@Lelek.pl
karol;boba;111111841;karol@boba.pl
karol;boba;111111840;karol@boba.pl
Kacper;Mlostek;111111839;Kacper@Mlostek.pl
Sebastian;Starowicz;111111838;Sebastian@Starowicz.pl
Patrycja;Długosz;111111837;Patrycja@Długosz.pl
Wojciech;Ornacki;111111836;Wojciech@Ornacki.pl
Wojciech;Ornacki;111111835;Wojciech@Ornacki.pl
Wojciech;Ornacki;111111834;Wojciech@Ornacki.pl
Wojciech;Ornacki;111111833;Wojciech@Ornacki.pl
Rafał Biernat;Biernat;111111832;Rafał Biernat@Biernat.pl
Paweł ;Kozera;111111831;Paweł @Kozera.pl
KRYSTYN;POGAN;111111830;KRYSTYN@POGAN.pl
Kamil;Pociecha;111111829;Kamil@Pociecha.pl
Daniel;Tomczyk;111111828;Daniel@Tomczyk.pl
Jerzy;Stokłosa;111111827;Jerzy@Stokłosa.pl
Bożena;Ożóg;111111826;Bożena@Ożóg.pl
Iwona;Bigaj;111111825;Iwona@Bigaj.pl
Marek;Dyrda;111111824;Marek@Dyrda.pl
Kacper ;Mucha;111111823;Kacper @Mucha.pl
Grzegorz ;Kadłuczka;111111822;Grzegorz @Kadłuczka.pl
Marek;Korpała;111111821;Marek@Korpała.pl
Barbara;Karcz;111111820;Barbara@Karcz.pl
Maciej;Szałaś;111111819;Maciej@Szałaś.pl
Monika;Sobota;111111818;Monika@Sobota.pl
KATARZYNA ;BOŻEK;111111817;KATARZYNA @BOŻEK.pl
Michał Kotarba;Kotarba;111111816;Michał Kotarba@Kotarba.pl
Anna;Czopek;111111815;Anna@Czopek.pl
Paweł ;Nawrot;111111814;Paweł @Nawrot.pl
Michal;Szczyrbak;111111813;Michal@Szczyrbak.pl
Małgorzata;Bożyk;111111812;Małgorzata@Bożyk.pl
Małgorzata;Bożyk;111111811;Małgorzata@Bożyk.pl
Rafał;Koryczan;111111810;Rafał@Koryczan.pl
Piotr;Iwańczyk;111111809;Piotr@Iwańczyk.pl
Jacek Putaj;Putaj;111111808;Jacek Putaj@Putaj.pl
Marek;Piechnik;111111807;Marek@Piechnik.pl
Dagmara;Bebak;111111806;Dagmara@Bebak.pl
Dagmara;Bebak;111111805;Dagmara@Bebak.pl
Marzena ;Judka;111111804;Marzena @Judka.pl
Monika;Natkaniec;111111803;Monika@Natkaniec.pl
Magda ;Magoska;111111802;Magda @Magoska.pl
Anna;Pałczyńska Woś;111111801;Anna@Pałczyńska Woś.pl
Konrad;Kozyra;111111800;Konrad@Kozyra.pl
Mariusz ;Przebinda;111111799;Mariusz @Przebinda.pl
Ryszard;Niemiec;111111798;Ryszard@Niemiec.pl
Dawid;Strychalski;111111797;Dawid@Strychalski.pl
Justyna;Morawska;111111796;Justyna@Morawska.pl
Kamil;Brzyszczyk;111111795;Kamil@Brzyszczyk.pl
Sylwester;Machnik;111111794;Sylwester@Machnik.pl
LUCYNA;PAOS;111111793;LUCYNA@PAOS.pl
GRZEGORZ MALSKI;MALSKI;111111792;GRZEGORZ MALSKI@MALSKI.pl
Bogusław ;Słomka;111111791;Bogusław @Słomka.pl
Grela;Iwona;111111790;Grela@Iwona.pl
Bartosz;Liber;111111789;Bartosz@Liber.pl
barbara;ZABEK;111111788;barbara@ZABEK.pl
Krzysztof;Ślusarczyk;111111787;Krzysztof@Ślusarczyk.pl
Maciej;Madry;111111786;Maciej@Madry.pl
Tomasz;Turcza;111111785;Tomasz@Turcza.pl
beata;matoga;111111784;beata@matoga.pl
MARCIN ;KUBALA;111111783;MARCIN @KUBALA.pl
alfreda;pieszczek;111111782;alfreda@pieszczek.pl
wiesław;grzybalski;111111781;wiesław@grzybalski.pl
leszek;lusowicz;111111780;leszek@lusowicz.pl
Jerzy;Slusarczyk;111111779;Jerzy@Slusarczyk.pl
Młyński Marian;Marian;111111778;Młyński Marian@Marian.pl
Młyński Marian;Marian;111111777;Młyński Marian@Marian.pl
Młyński Marian;Marian;111111776;Młyński Marian@Marian.pl
Młyński Marian;Marian;111111775;Młyński Marian@Marian.pl
Kamil;Polakiewicz;111111774;Kamil@Polakiewicz.pl
Agnieszka;Płaneta;111111773;Agnieszka@Płaneta.pl
Maja;Domnick;111111772;Maja@Domnick.pl
Alfred;Nowakowski;111111771;Alfred@Nowakowski.pl
Grażyna ;Gruszka;111111770;Grażyna @Gruszka.pl
Maria;Niegiec;111111769;Maria@Niegiec.pl
Aneta;Musiał;111111768;Aneta@Musiał.pl
Waldemar;Godyn;111111767;Waldemar@Godyn.pl
Anna;Trojan;111111766;Anna@Trojan.pl
Damian ;Socha ;111111765;Damian @Socha .pl
Jacek;Skurzak;111111764;Jacek@Skurzak.pl
Gruszka;Grażyna ;111111763;Gruszka@Grażyna .pl
Grzegorz;Krawczyk;111111762;Grzegorz@Krawczyk.pl
Paweł;Aksamit-Będkowski;111111761;Paweł@Aksamit-Będkowski.pl
Jerzy;Stepien;111111760;Jerzy@Stepien.pl
Vadym;Perepeliak;111111759;Vadym@Perepeliak.pl
Agnieszka Góralczyk;Góralczyk;111111758;Agnieszka Góralczyk@Góralczyk.pl
Józef;Sasak;111111757;Józef@Sasak.pl
Marta ;Witek;111111756;Marta @Witek.pl
Marta;Witek;111111755;Marta@Witek.pl
Stanisław;Tekieli;111111754;Stanisław@Tekieli.pl
Aleksandra;Kucia;111111753;Aleksandra@Kucia.pl
Artur;Bulikowski;111111752;Artur@Bulikowski.pl
Zofia;Sieńko;111111751;Zofia@Sieńko.pl
Leszek;Mrozowski;111111750;Leszek@Mrozowski.pl
Maciej;Piwowarczyk;111111749;Maciej@Piwowarczyk.pl
Anna;Pokorska-Dwojak;111111748;Anna@Pokorska-Dwojak.pl
Bogdan ;Kozyra;111111747;Bogdan @Kozyra.pl
Zuzanna Kulesza;Kulesza;111111746;Zuzanna Kulesza@Kulesza.pl
Krzysztof;Nowiński;111111745;Krzysztof@Nowiński.pl
Aleksandra Rolka;Rolka;111111744;Aleksandra Rolka@Rolka.pl
Renata ;Rusek;111111743;Renata @Rusek.pl
Szymon;Głowa;111111742;Szymon@Głowa.pl
Wojciech;Schabowski;111111741;Wojciech@Schabowski.pl
Katarzyna;Machnik;111111740;Katarzyna@Machnik.pl
Agnieszka Kubiak;Brzózka;111111739;Agnieszka Kubiak@Brzózka.pl
Anna;Pokorska-Dwojak;111111738;Anna@Pokorska-Dwojak.pl
kamil;Węgrzyniak;111111737;kamil@Węgrzyniak.pl
Tadeusz;Zmuda;111111736;Tadeusz@Zmuda.pl
Gabriela ;Kopyto;111111735;Gabriela @Kopyto.pl
Wojciech;Hankiewicz;111111734;Wojciech@Hankiewicz.pl
Orfeusz;Wąsikowski;111111733;Orfeusz@Wąsikowski.pl
Agnieszka;Dziedzic;111111732;Agnieszka@Dziedzic.pl
Andrzej ;Bazarnik;111111731;Andrzej @Bazarnik.pl
Artur Jelonek;Jelonek;111111730;Artur Jelonek@Jelonek.pl
Bogusława;Ludwikowska;111111729;Bogusława@Ludwikowska.pl
Łukasz;Trybalski;111111728;Łukasz@Trybalski.pl
Jan;Wojtas;111111727;Jan@Wojtas.pl
Wojciech;Kozdronkiewicz;111111726;Wojciech@Kozdronkiewicz.pl
ADAM;JESIONOWSKI;111111725;ADAM@JESIONOWSKI.pl
Anna;Diurczak;111111724;Anna@Diurczak.pl
Grzegorz;Mul;111111723;Grzegorz@Mul.pl
Robert Płaziński;Płaziński;111111722;Robert Płaziński@Płaziński.pl
ŁUKASZ ;WILK;111111721;ŁUKASZ @WILK.pl
Sylwester Hec;Hec;111111720;Sylwester Hec@Hec.pl
Magdalena ;Nawrot;111111719;Magdalena @Nawrot.pl
Monika;Cywicka;111111718;Monika@Cywicka.pl
Jerzy ;Tyka;111111717;Jerzy @Tyka.pl
Magdalena ;Nawrot;111111716;Magdalena @Nawrot.pl
Magdalena ;Perek;111111715;Magdalena @Perek.pl
Magdalena ;Perek;111111714;Magdalena @Perek.pl
Kamil ;Całek;111111713;Kamil @Całek.pl
Lidia;Rachwał ;111111712;Lidia@Rachwał .pl
Grzegorz Sałustowicz;Sałustowicz;111111711;Grzegorz Sałustowicz@Sałustowicz.pl
Elżbieta;Ordon;111111710;Elżbieta@Ordon.pl
Mateusz ;Noworyta;111111709;Mateusz @Noworyta.pl
Krystian;Baranek;111111708;Krystian@Baranek.pl
MICHAŁ;KUKLA;111111707;MICHAŁ@KUKLA.pl
Leszek;Heród;111111706;Leszek@Heród.pl
Adam;Głownia;111111705;Adam@Głownia.pl
Michal;Kornaus;111111704;Michal@Kornaus.pl
Damian ;Rojek;111111703;Damian @Rojek.pl
Anna;Gil;111111702;Anna@Gil.pl
Dariusz;Śliwiński;111111701;Dariusz@Śliwiński.pl
Kazimierz;Mostek;111111700;Kazimierz@Mostek.pl
Szymon;Wyrtek;111111699;Szymon@Wyrtek.pl
Karolina;Parkitna;111111698;Karolina@Parkitna.pl
Wojciech;Sitek ;111111697;Wojciech@Sitek .pl
Piotr Bistroń;Bistroń;111111696;Piotr Bistroń@Bistroń.pl
Szymon Mezglewski;Mezglewski;111111695;Szymon Mezglewski@Mezglewski.pl
Jan;Bochenek;111111694;Jan@Bochenek.pl
Michał;Pogan;111111693;Michał@Pogan.pl
Marcin ;Izdebski ;111111692;Marcin @Izdebski .pl
Rafał;Cichy;111111691;Rafał@Cichy.pl
Jakub;Warzecha;111111690;Jakub@Warzecha.pl
Jakub;Warzecha;111111689;Jakub@Warzecha.pl
Jolanta;Pięta;111111688;Jolanta@Pięta.pl
Marcin Paweł Dukała;Dukała;111111687;Marcin Paweł Dukała@Dukała.pl
mateusz;Nowak;111111686;mateusz@Nowak.pl
Arkadiusz kurpan;kurpan;111111685;Arkadiusz kurpan@kurpan.pl
Grzegorz;Średniawa;111111684;Grzegorz@Średniawa.pl
Halina;Rozmus;111111683;Halina@Rozmus.pl
Sławomir;Mazuga;111111682;Sławomir@Mazuga.pl
Dominik Żak;Żak;111111681;Dominik Żak@Żak.pl
Katarzyna;Borys;111111680;Katarzyna@Borys.pl
Konrad;Urbańczyk;111111679;Konrad@Urbańczyk.pl
Łukasz Trzaska;Trzaska;111111678;Łukasz Trzaska@Trzaska.pl
ANNA;CZEKAJ;111111677;ANNA@CZEKAJ.pl
Wioletta ;Żołowicz ;111111676;Wioletta @Żołowicz .pl
Wioletta ;Żołowicz ;111111675;Wioletta @Żołowicz .pl
Marek;Korba;111111674;Marek@Korba.pl
Wioletta ;Żołowicz ;111111673;Wioletta @Żołowicz .pl
Wioletta ;Żołowicz ;111111672;Wioletta @Żołowicz .pl
Marian Zielonka;Zielonka;111111671;Marian Zielonka@Zielonka.pl
Piotr;Ostrowski;111111670;Piotr@Ostrowski.pl
Sławomir;Prokopik;111111669;Sławomir@Prokopik.pl
Wojciech;Cyganek;111111668;Wojciech@Cyganek.pl
Ewa;Chmura;111111667;Ewa@Chmura.pl
Ewa;Chmura;111111666;Ewa@Chmura.pl
Slawek;Babiuch;111111665;Slawek@Babiuch.pl
Zbigniew;Chmura;111111664;Zbigniew@Chmura.pl
Paweł;Ryncarz;111111663;Paweł@Ryncarz.pl
Michał ;Kanczura ;111111662;Michał @Kanczura .pl
Andrzej;Kowal;111111661;Andrzej@Kowal.pl
Piotr Banasik;Banasik;111111660;Piotr Banasik@Banasik.pl
Marek;Skalny;111111659;Marek@Skalny.pl
Michał Wróbel;Wróbel;111111658;Michał Wróbel@Wróbel.pl
Rafał;Zięba;111111657;Rafał@Zięba.pl
Stanisław;Gaudyn;111111656;Stanisław@Gaudyn.pl
Sabina;Gasek;111111655;Sabina@Gasek.pl
Agnieszka ;Farbaniec ;111111654;Agnieszka @Farbaniec .pl
ADAM;GRELA;111111653;ADAM@GRELA.pl
Piotr;Kmita;111111652;Piotr@Kmita.pl
ireneusz;Goraj;111111651;ireneusz@Goraj.pl
Grzegorz Marek;Marek;111111650;Grzegorz Marek@Marek.pl
ireneusz;goraj;111111649;ireneusz@goraj.pl
Agnieszka JARCZYK;JARCZYK;111111648;Agnieszka JARCZYK@JARCZYK.pl
Tomasz;Rojowski;111111647;Tomasz@Rojowski.pl
Dorota ;Kołodziej ;111111646;Dorota @Kołodziej .pl
Violetta;Ostrogórska;111111645;Violetta@Ostrogórska.pl
Justyna;Chrobak;111111644;Justyna@Chrobak.pl
MIECZYSŁAW;CIELECKI;111111643;MIECZYSŁAW@CIELECKI.pl
Agnieszka Sobczyk;Sobczyk;111111642;Agnieszka Sobczyk@Sobczyk.pl
Barbara ;Wójtowicz ;111111641;Barbara @Wójtowicz .pl
Celina;Przebinda;111111640;Celina@Przebinda.pl
Mateusz Rumian;Rumian;111111639;Mateusz Rumian@Rumian.pl
Ewa Rumian;Rumian;111111638;Ewa Rumian@Rumian.pl
Jarek;Burkiet;111111637;Jarek@Burkiet.pl
Michał;Ortyl;111111636;Michał@Ortyl.pl
Joanna Burdiak;Burdiak;111111635;Joanna Burdiak@Burdiak.pl
Justyna;Morawska;111111634;Justyna@Morawska.pl
Ewa Izdebska;Izdebska;111111633;Ewa Izdebska@Izdebska.pl
Anna Foltyn;Foltyn;111111632;Anna Foltyn@Foltyn.pl
Anna Foltyn;Foltyn;111111631;Anna Foltyn@Foltyn.pl
Dawid;Klocek;111111630;Dawid@Klocek.pl
Michał;Boczkowski;111111629;Michał@Boczkowski.pl
Wojciech Spyrka;Spyrka;111111628;Wojciech Spyrka@Spyrka.pl
Erwin ;Gamrot;111111627;Erwin @Gamrot.pl
Erwin ;Gamrot;111111626;Erwin @Gamrot.pl
Sylwia Profic;Profic-Żurek;111111625;Sylwia Profic@Profic-Żurek.pl
Dorota;Nitka;111111624;Dorota@Nitka.pl
Dorota;Nitka;111111623;Dorota@Nitka.pl
Michał ;Kasprzyk ;111111622;Michał @Kasprzyk .pl
Mateusz;Pytel;111111621;Mateusz@Pytel.pl
Grzegorz;Wojdała;111111620;Grzegorz@Wojdała.pl
Grzegorz;Wojdała;111111619;Grzegorz@Wojdała.pl
Wiktoria Grela;Grela;111111618;Wiktoria Grela@Grela.pl
Paulina Nobis;Nobis;111111617;Paulina Nobis@Nobis.pl
Ireneusz ;Olszewski;111111616;Ireneusz @Olszewski.pl
SŁAWOMIR;Mazuga;111111615;SŁAWOMIR@Mazuga.pl
Mariusz;Wójtowicz;111111614;Mariusz@Wójtowicz.pl
Joanna;Księżyc ;111111613;Joanna@Księżyc .pl
Rafał;Dębosz;111111612;Rafał@Dębosz.pl
Ewelina;Groń;111111611;Ewelina@Groń.pl
Sławomir;Sitek;111111610;Sławomir@Sitek.pl
Janusz;Gasiorek;111111609;Janusz@Gasiorek.pl
Monika;Łazęcka;111111608;Monika@Łazęcka.pl
Rafał;Ganiewski;111111607;Rafał@Ganiewski.pl
Paulina;Muszyńska;111111606;Paulina@Muszyńska.pl
Dariusz;Chojnacki;111111605;Dariusz@Chojnacki.pl
Paulina Ostachowska;Ostachowska;111111604;Paulina Ostachowska@Ostachowska.pl
Paweł ;Pindel;111111603;Paweł @Pindel.pl
Paulina Ostachowska;Ostachowska;111111602;Paulina Ostachowska@Ostachowska.pl
Paulina Ostachowska;Ostachowska;111111601;Paulina Ostachowska@Ostachowska.pl
Dariusz;Chojnacki;111111600;Dariusz@Chojnacki.pl
Jakub;Niemczyk;111111599;Jakub@Niemczyk.pl
Jakub;Niemczyk;111111598;Jakub@Niemczyk.pl
Jakub;Niemczyk;111111597;Jakub@Niemczyk.pl
Jakub;Niemczyk;111111596;Jakub@Niemczyk.pl
Robert;Nęcek;111111595;Robert@Nęcek.pl
Robert;Nęcek;111111594;Robert@Nęcek.pl
Michał;Skowronek;111111593;Michał@Skowronek.pl
Jan;Ciernia ;111111592;Jan@Ciernia .pl
Patrycja Warchoł;Warchoł;111111591;Patrycja Warchoł@Warchoł.pl
Jacek;Farat;111111590;Jacek@Farat.pl
Katarzyna;Knapik;111111589;Katarzyna@Knapik.pl
Tomasz;Malec;111111588;Tomasz@Malec.pl
Nikola Domanik;Domanik;111111587;Nikola Domanik@Domanik.pl
Krzysztof;Leszczyński;111111586;Krzysztof@Leszczyński.pl
Magdalena ;Kurowska;111111585;Magdalena @Kurowska.pl
Wiktor;Pogorzelski;111111584;Wiktor@Pogorzelski.pl
PIOTR;NOWAK;111111583;PIOTR@NOWAK.pl
Rojowski;Kazimiarz;111111582;Rojowski@Kazimiarz.pl
Andrzej;Kurowski;111111581;Andrzej@Kurowski.pl
Jakub Kołodyński;Kołodyński;111111580;Jakub Kołodyński@Kołodyński.pl
Marcin;Żmuda;111111579;Marcin@Żmuda.pl
Rafał;Szczurek;111111578;Rafał@Szczurek.pl
Jaga Matusiak;Matusiak;111111577;Jaga Matusiak@Matusiak.pl
Agnieszka;Poznańska;111111576;Agnieszka@Poznańska.pl
Marcin;Pogan;111111575;Marcin@Pogan.pl
Irena;Urbaniec;111111574;Irena@Urbaniec.pl
Jan ;Dymacz;111111573;Jan @Dymacz.pl
Leszek;Such;111111572;Leszek@Such.pl
Tadeusz;Alechnowicz;111111571;Tadeusz@Alechnowicz.pl
Katarzyna;Moskal;111111570;Katarzyna@Moskal.pl
agnieszka;Graca;111111569;agnieszka@Graca.pl
Sonia;Łatak;111111568;Sonia@Łatak.pl
Anna;Kiendracha;111111567;Anna@Kiendracha.pl
Łukasz;Haber;111111566;Łukasz@Haber.pl
Łukasz;Haber;111111565;Łukasz@Haber.pl
ireksanka;sanka;111111564;ireksanka@sanka.pl
Bucki ;Wieńczysław;111111563;Bucki @Wieńczysław.pl
Ewa;Ługowska;111111562;Ewa@Ługowska.pl
Grzegorz ;Chmurka ;111111561;Grzegorz @Chmurka .pl
norbert;kulon;111111560;norbert@kulon.pl
Beata;Longa;111111559;Beata@Longa.pl
Daniel;Knap;111111558;Daniel@Knap.pl
Ula Kubica;Kubica;111111557;Ula Kubica@Kubica.pl
Zbigniew;Pióro;111111556;Zbigniew@Pióro.pl
Jakub;Nowak;111111555;Jakub@Nowak.pl
Andrzej;Krawczyk;111111554;Andrzej@Krawczyk.pl
Sonia;Łatak;111111553;Sonia@Łatak.pl
Julia;klupa;111111552;Julia@klupa.pl
Paulina ;Ostachowska;111111551;Paulina @Ostachowska.pl
Mateusz;Tekieli;111111550;Mateusz@Tekieli.pl
Weronika;Tomasiczek;111111549;Weronika@Tomasiczek.pl
Sylwia;Tomasiczek;111111548;Sylwia@Tomasiczek.pl
Jarosław ;Praski;111111547;Jarosław @Praski.pl
Kamil Kozieł;Kozieł;111111546;Kamil Kozieł@Kozieł.pl
Kamil Kozieł;Kozieł;111111545;Kamil Kozieł@Kozieł.pl
Adam ;Sroka ;111111544;Adam @Sroka .pl
Kamil Kozieł;Kozieł;111111543;Kamil Kozieł@Kozieł.pl
Paweł;Drab;111111542;Paweł@Drab.pl
Agnieszka;Słonina;111111541;Agnieszka@Słonina.pl
Barbara;Gruszka;111111540;Barbara@Gruszka.pl
Agnieszka;Słonina;111111539;Agnieszka@Słonina.pl
SŁAWOMIR SOCZYŃSKI;SOCZYŃSKI;111111538;SŁAWOMIR SOCZYŃSKI@SOCZYŃSKI.pl
SŁAWOMIR SOCZYŃSKI;SOCZYŃSKI;111111537;SŁAWOMIR SOCZYŃSKI@SOCZYŃSKI.pl
SŁAWOMIR SOCZYŃSKI;SOCZYŃSKI;111111536;SŁAWOMIR SOCZYŃSKI@SOCZYŃSKI.pl
ELA;KOŁODZIEJCZYK;111111535;ELA@KOŁODZIEJCZYK.pl
Jerzy;zalewski;111111534;Jerzy@zalewski.pl
Michał ;Wilk;111111533;Michał @Wilk.pl
Jakub;Cetnarski;111111532;Jakub@Cetnarski.pl
Ewa;Sowa;111111531;Ewa@Sowa.pl
wojciech;Pawlik;111111530;wojciech@Pawlik.pl
Mariusz;Kożuch;111111529;Mariusz@Kożuch.pl
Adama ;Mazurkiewicz;111111528;Adama @Mazurkiewicz.pl
Bogusław;Leśniak;111111527;Bogusław@Leśniak.pl
Damian;Kuczara;111111526;Damian@Kuczara.pl
Sebastian;Gałaś;111111525;Sebastian@Gałaś.pl
Ilona Górska;Górska;111111524;Ilona Górska@Górska.pl
Karol;Walerowicz;111111523;Karol@Walerowicz.pl
Karol;Walerowicz;111111522;Karol@Walerowicz.pl
Artur;Janus;111111521;Artur@Janus.pl
Karol;Walerowicz;111111520;Karol@Walerowicz.pl
Marcin;Pyzik;111111519;Marcin@Pyzik.pl
Janusz;Pawlik;111111518;Janusz@Pawlik.pl
tomasz;perlik;111111517;tomasz@perlik.pl
tomasz;perlik;111111516;tomasz@perlik.pl
Anna;Kotyza;111111515;Anna@Kotyza.pl
Anna;Małecka;111111514;Anna@Małecka.pl
Dominika ;Kłosińska;111111513;Dominika @Kłosińska.pl
MAREK KUCHTA;KUCHTA;111111512;MAREK KUCHTA@KUCHTA.pl
Mateusz ;Chrobak;111111511;Mateusz @Chrobak.pl
Klaudia;Łapcik;111111510;Klaudia@Łapcik.pl
jacek;sokół;111111509;jacek@sokół.pl
Tekieli ;Boguslawa;111111508;Tekieli @Boguslawa.pl
Bartosz;Domagalski;111111507;Bartosz@Domagalski.pl
Tomasz;Glanowski;111111506;Tomasz@Glanowski.pl
Maciej ;Kołodziejczyk ;111111505;Maciej @Kołodziejczyk .pl
Maciej ;Kołodziejczyk ;111111504;Maciej @Kołodziejczyk .pl
ARTUR;RACZKOWSKI;111111503;ARTUR@RACZKOWSKI.pl
Piotr;Przybyło;111111502;Piotr@Przybyło.pl
Justyna;Wieczorek;111111501;Justyna@Wieczorek.pl
Michał;Lenartowicz;111111500;Michał@Lenartowicz.pl
Patryk;Szymański ;111111499;Patryk@Szymański .pl
Marcin;Gzyl;111111498;Marcin@Gzyl.pl
Weronika;Waśniowska;111111497;Weronika@Waśniowska.pl
Krzysztof;Lis;111111496;Krzysztof@Lis.pl
Angelik;Śmiały;111111495;Angelik@Śmiały.pl
ARTUR;CIESIELSKI;111111494;ARTUR@CIESIELSKI.pl
Leszek;Jaskowski;111111493;Leszek@Jaskowski.pl
Krystian;Strzępek;111111492;Krystian@Strzępek.pl
Agnieszka;Markiewicz-Wójcicka;111111491;Agnieszka@Markiewicz-Wójcicka.pl
STANSŁaW;PTAK;111111490;STANSŁaW@PTAK.pl
Daniel;Żbik;111111489;Daniel@Żbik.pl
Piotr ;Matuszek ;111111488;Piotr @Matuszek .pl
Grzegorz ;Kłeczek ;111111487;Grzegorz @Kłeczek .pl
Zuzanna;Sindak;111111486;Zuzanna@Sindak.pl
mieczysław;maślej;111111485;mieczysław@maślej.pl
Zuzanna;Sindak;111111484;Zuzanna@Sindak.pl
Jan;Ocetkiewicz;111111483;Jan@Ocetkiewicz.pl
Kazimierz ;Smaga ;111111482;Kazimierz @Smaga .pl
Janusz;Lipiarz;111111481;Janusz@Lipiarz.pl
Katarzyna Sito;Sito;111111480;Katarzyna Sito@Sito.pl
Agnieszka Wójcicka;Wójcicka;111111479;Agnieszka Wójcicka@Wójcicka.pl
Paweł;Kozień;111111478;Paweł@Kozień.pl
Andrzej Wypart;Wypart;111111477;Andrzej Wypart@Wypart.pl
Dawid Skotniczny;Skotniczny;111111476;Dawid Skotniczny@Skotniczny.pl
Dawid Skotniczny;Skotniczny;111111475;Dawid Skotniczny@Skotniczny.pl
Katarzyna ;Kuczara ;111111474;Katarzyna @Kuczara .pl
Tomasz ;Dudek;111111473;Tomasz @Dudek.pl
Adam;Tarnowski;111111472;Adam@Tarnowski.pl
Marek;Hajto;111111471;Marek@Hajto.pl
Marek;Hajto;111111470;Marek@Hajto.pl
Krzysztof;Dobosz;111111469;Krzysztof@Dobosz.pl
Andrzej;Sitko;111111468;Andrzej@Sitko.pl
Konrad;Turzański;111111467;Konrad@Turzański.pl
Bartłomiej ;Leśniak ;111111466;Bartłomiej @Leśniak .pl
Przemysław ;Pytel;111111465;Przemysław @Pytel.pl
Marek;Tynka;111111464;Marek@Tynka.pl
Paulina;Biesiada-Halbina;111111463;Paulina@Biesiada-Halbina.pl
Jolanta ;Jurkowska;111111462;Jolanta @Jurkowska.pl
Zuzanna;Sindak;111111461;Zuzanna@Sindak.pl
Sabina;Gajewsks;111111460;Sabina@Gajewsks.pl
Sebastian;Starowicz;111111459;Sebastian@Starowicz.pl
Miroslaw Nowak;Nowak;111111458;Miroslaw Nowak@Nowak.pl
Grzegorz ;Popadiak ;111111457;Grzegorz @Popadiak .pl
Mateusz;Staszak;111111456;Mateusz@Staszak.pl
Karolina;Niedziółka;111111455;Karolina@Niedziółka.pl
Karolina;Niedziółka;111111454;Karolina@Niedziółka.pl
GRZEGORZ;GAWEŁ;111111453;GRZEGORZ@GAWEŁ.pl
Wioletta;Kmita;111111452;Wioletta@Kmita.pl
Anna;Pławna;111111451;Anna@Pławna.pl
Jan;Bułat;111111450;Jan@Bułat.pl
Dariusz;Tekieli ;111111449;Dariusz@Tekieli .pl
Krzysztof ;Ślusarczyk;111111448;Krzysztof @Ślusarczyk.pl
Szymon;Skalniak;111111447;Szymon@Skalniak.pl
Alicja;Rzepecka;111111446;Alicja@Rzepecka.pl
Krzysztof;Kopeć;111111445;Krzysztof@Kopeć.pl
Agnieszka;Grzesiak;111111444;Agnieszka@Grzesiak.pl
Andrzej;Bazarnik;111111443;Andrzej@Bazarnik.pl
Arkadiusz;Gocal;111111442;Arkadiusz@Gocal.pl
Małgorzata;Sieczkowska;111111441;Małgorzata@Sieczkowska.pl
Mirosław ;Wiśniewski;111111440;Mirosław @Wiśniewski.pl
Aleksandra Kłeczek;Kłeczek;111111439;Aleksandra Kłeczek@Kłeczek.pl
Wioletta ;Piórkowska ;111111438;Wioletta @Piórkowska .pl
Aleksandra Kłeczek;Kłeczek;111111437;Aleksandra Kłeczek@Kłeczek.pl
Dariusz ;Gajda;111111436;Dariusz @Gajda.pl
Łukasz;Tokarek;111111435;Łukasz@Tokarek.pl
Mateusz;Gałązka;111111434;Mateusz@Gałązka.pl
Mateusz;Gałązka;111111433;Mateusz@Gałązka.pl
Magdalena Krowiak;Krowiak;111111432;Magdalena Krowiak@Krowiak.pl
Dominik;Tekieli;111111431;Dominik@Tekieli.pl
Magdalena Krowiak;Krowiak;111111430;Magdalena Krowiak@Krowiak.pl
Magdalena Krowiak;Krowiak;111111429;Magdalena Krowiak@Krowiak.pl
Magdalena Krowiak;Krowiak;111111428;Magdalena Krowiak@Krowiak.pl
Magdalena Krowiak;Krowiak;111111427;Magdalena Krowiak@Krowiak.pl
Mieczysław;Koziński;111111426;Mieczysław@Koziński.pl
Mariusz;Bentkowski;111111425;Mariusz@Bentkowski.pl
Damian;Kuczara;111111424;Damian@Kuczara.pl
Agnieszka;Bentkowska;111111423;Agnieszka@Bentkowska.pl
Małgorzata ;Miś-Juszczyk;111111422;Małgorzata @Miś-Juszczyk.pl
katarzyna;szczyrbak;111111421;katarzyna@szczyrbak.pl
Kinga Godawska;Godawska;111111420;Kinga Godawska@Godawska.pl
Jakub;Podolski;111111419;Jakub@Podolski.pl
Marcin;Kochaniak;111111418;Marcin@Kochaniak.pl
Stanislaw Lorek;Lorek;111111417;Stanislaw Lorek@Lorek.pl
Bogdan;Szczypta;111111416;Bogdan@Szczypta.pl
Andrzej;Mucha;111111415;Andrzej@Mucha.pl
Mariusz;Dabrowski;111111414;Mariusz@Dabrowski.pl
Krzysztof;Szumny;111111413;Krzysztof@Szumny.pl
Zacharska ;Katarzyna;111111412;Zacharska @Katarzyna.pl
Anna;Kapusta;111111411;Anna@Kapusta.pl
Wiesław;Wróbel ;111111410;Wiesław@Wróbel .pl
Marcin Cichy;Cichy;111111409;Marcin Cichy@Cichy.pl
Krzysztof ;Kowalik;111111408;Krzysztof @Kowalik.pl
Stanisław;Dzielski;111111407;Stanisław@Dzielski.pl
Bartłomiej ;Górny;111111406;Bartłomiej @Górny.pl
Michał;Chaba;111111405;Michał@Chaba.pl
Justyna ;Chrobak;111111404;Justyna @Chrobak.pl
Aleksandra;Kochaniewicz;111111403;Aleksandra@Kochaniewicz.pl
Kamil;Mętel;111111402;Kamil@Mętel.pl
Pawel;Dudek;111111401;Pawel@Dudek.pl
Paweł ;Dudek;111111400;Paweł @Dudek.pl
Yurii;Halavai;111111399;Yurii@Halavai.pl
Janusz Krzywda;Krzywda;111111398;Janusz Krzywda@Krzywda.pl
Krzysztof;Bialecki;111111397;Krzysztof@Bialecki.pl
ADAM;PRZYBEK;111111396;ADAM@PRZYBEK.pl
Tadeusz;Czarnik;111111395;Tadeusz@Czarnik.pl
Krzysztof;Ziomek;111111394;Krzysztof@Ziomek.pl
Michał;Grzegorczyk;111111393;Michał@Grzegorczyk.pl
Krzysztof;Ziomek;111111392;Krzysztof@Ziomek.pl
Rafał;Wojtas;111111391;Rafał@Wojtas.pl
Rafał;Sadowski;111111390;Rafał@Sadowski.pl
Mateusz Orzeł;Orzeł;111111389;Mateusz Orzeł@Orzeł.pl
Magdalena Józefczyk;Józefczyk;111111388;Magdalena Józefczyk@Józefczyk.pl
PRZEMYSŁAW;PIESZCZEK;111111387;PRZEMYSŁAW@PIESZCZEK.pl
Mateusz ;Wąż;111111386;Mateusz @Wąż.pl
Lukasz;Jankowski;111111385;Lukasz@Jankowski.pl
Dominik;Matysik;111111384;Dominik@Matysik.pl
Jakub;Tryczyński;111111383;Jakub@Tryczyński.pl
Jakub;Tryczyński;111111382;Jakub@Tryczyński.pl
Aleksandra Durak;Durak;111111381;Aleksandra Durak@Durak.pl
Łukasz Tyrak;Tyrak;111111380;Łukasz Tyrak@Tyrak.pl
Dorota;Hynek;111111379;Dorota@Hynek.pl
Dominika;Szymczyk;111111378;Dominika@Szymczyk.pl
Katarzyna;Tojiev;111111377;Katarzyna@Tojiev.pl
Karol;Plutecki;111111376;Karol@Plutecki.pl
Agnieszka;Gwizdała;111111375;Agnieszka@Gwizdała.pl
Alicja;Skiba;111111374;Alicja@Skiba.pl
Mateusz;Waluszczyk;111111373;Mateusz@Waluszczyk.pl
Jan;Kuświk;111111372;Jan@Kuświk.pl
Roman;Zięcik;111111371;Roman@Zięcik.pl
Dawid;Starowicz ;111111370;Dawid@Starowicz .pl
Dawid;Starowicz ;111111369;Dawid@Starowicz .pl
Marek;Burda;111111368;Marek@Burda.pl
Mateusz Lorek;Lorek;111111367;Mateusz Lorek@Lorek.pl
Piotr;Boroń;111111366;Piotr@Boroń.pl
Mateusz;Krokosz;111111365;Mateusz@Krokosz.pl
Michal;Kwater;111111364;Michal@Kwater.pl
Stanisław;Młyński;111111363;Stanisław@Młyński.pl
Stanisław;Młyński;111111362;Stanisław@Młyński.pl
Paweł;Suski;111111361;Paweł@Suski.pl
Dawid ;Kawa;111111360;Dawid @Kawa.pl
Adrian;Piekara;111111359;Adrian@Piekara.pl
Tomasz Gertner;Gertner;111111358;Tomasz Gertner@Gertner.pl
Tomasz;Gertner ;111111357;Tomasz@Gertner .pl
Renata;Pater;111111356;Renata@Pater.pl
Kazimierz;Węgrzynek;111111355;Kazimierz@Węgrzynek.pl
Barbara;Szlezynger;111111354;Barbara@Szlezynger.pl
Karolina ;Glanowska;111111353;Karolina @Glanowska.pl
Michał ;Lenartowicz ;111111352;Michał @Lenartowicz .pl
Maria;Bałuszek;111111351;Maria@Bałuszek.pl
PAWEŁ;PYTEL;111111350;PAWEŁ@PYTEL.pl
Łukasz;Parandyk;111111349;Łukasz@Parandyk.pl
Anna Foltyn;Foltyn;111111348;Anna Foltyn@Foltyn.pl
Tomasz;Sikora;111111347;Tomasz@Sikora.pl
Joanna ;Kukuła;111111346;Joanna @Kukuła.pl
PAWEŁ;SŁAWIŃSKI;111111345;PAWEŁ@SŁAWIŃSKI.pl
Marek;Kościelny;111111344;Marek@Kościelny.pl
Filip;Kantor;111111343;Filip@Kantor.pl
Włodzimierz ;Buczek ;111111342;Włodzimierz @Buczek .pl
piotr;kiełtyka;111111341;piotr@kiełtyka.pl
Janusz;Nowak;111111340;Janusz@Nowak.pl
Dorota;Makselan;111111339;Dorota@Makselan.pl
Piotr;Iwańczyk;111111338;Piotr@Iwańczyk.pl
URSZULA;FITEK;111111337;URSZULA@FITEK.pl
KAROL;Krawczyk;111111336;KAROL@Krawczyk.pl
Wiktor;Wasik;111111335;Wiktor@Wasik.pl
Marcin;Kostrój;111111334;Marcin@Kostrój.pl
Danuta;Jamrozińska-Drzastwa;111111333;Danuta@Jamrozińska-Drzastwa.pl
Tomasz;kmiecik;111111332;Tomasz@kmiecik.pl
Dominik;Matysik;111111331;Dominik@Matysik.pl
Ania Dąbrowska;Dąbrowska;111111330;Ania Dąbrowska@Dąbrowska.pl
Krzysztof ;Gawin ;111111329;Krzysztof @Gawin .pl
Joanna;Bobowska ;111111328;Joanna@Bobowska .pl
Robert;Teter;111111327;Robert@Teter.pl
Krzysztof;Zemła;111111326;Krzysztof@Zemła.pl
Angelika ;Wójcik ;111111325;Angelika @Wójcik .pl
Angelika ;Wójcik ;111111324;Angelika @Wójcik .pl
Anna Versaci;Versaci;111111323;Anna Versaci@Versaci.pl
wiliam witek;witek;111111322;wiliam witek@witek.pl
Alessio Versaci;Versaci;111111321;Alessio Versaci@Versaci.pl
Wojciech;Jarczyk;111111320;Wojciech@Jarczyk.pl
GRZEGORZ ;SAŁUSTOWICZ;111111319;GRZEGORZ @SAŁUSTOWICZ.pl
Paweł;Obajtek;111111318;Paweł@Obajtek.pl
Karol adam Sroka;Sroka;111111317;Karol adam Sroka@Sroka.pl
Daniel ;Pomierny;111111316;Daniel @Pomierny.pl
Marek;Miś;111111315;Marek@Miś.pl
TOMASZ ;KWAŚNIAK;111111314;TOMASZ @KWAŚNIAK.pl
Edyta;Mirek;111111313;Edyta@Mirek.pl
Łukasz;Sierant;111111312;Łukasz@Sierant.pl
Mateusz;Sierant;111111311;Mateusz@Sierant.pl
Zbigniew;Beliczyński;111111310;Zbigniew@Beliczyński.pl
Radosław ;Rankiewicz;111111309;Radosław @Rankiewicz.pl
Marcin;Misztal;111111308;Marcin@Misztal.pl
Jarosław ;Bruzda;111111307;Jarosław @Bruzda.pl
Lucyna;Mądry;111111306;Lucyna@Mądry.pl
Adam;Machnik;111111305;Adam@Machnik.pl
Ewa;Szymusik;111111304;Ewa@Szymusik.pl
Dariusz;Kudła;111111303;Dariusz@Kudła.pl
Grazyna;Bogutyn;111111302;Grazyna@Bogutyn.pl
Ryan;Broock Caral;111111301;Ryan@Broock Caral.pl
Paweł ;Nowakowski;111111300;Paweł @Nowakowski.pl
Krzysztof;Marczykiewicz;111111299;Krzysztof@Marczykiewicz.pl
Kamil;Płatek;111111298;Kamil@Płatek.pl
Piotr ;Węglarz;111111297;Piotr @Węglarz.pl
Wiesław;Gzyl;111111296;Wiesław@Gzyl.pl
Diana;Hanaj-Damasiewicz;111111295;Diana@Hanaj-Damasiewicz.pl
Janusz;Stryszewski;111111294;Janusz@Stryszewski.pl
Daniel ;Nędza;111111293;Daniel @Nędza.pl
Artur;Mazurek;111111292;Artur@Mazurek.pl
Bogdan;Kłyś;111111291;Bogdan@Kłyś.pl
Grzegorz;Okoń;111111290;Grzegorz@Okoń.pl
Ryszard;Lewandowski;111111289;Ryszard@Lewandowski.pl
Konrad;Nowak;111111288;Konrad@Nowak.pl
Janusz;Szczyrbak;111111287;Janusz@Szczyrbak.pl
Magdalena;Stolarska;111111286;Magdalena@Stolarska.pl
Daniel ;Paluch;111111285;Daniel @Paluch.pl
Jakub ;Sakłak ;111111284;Jakub @Sakłak .pl
Grazyna;Rynczak;111111283;Grazyna@Rynczak.pl
OMAR ;ABD ALLA;111111282;OMAR @ABD ALLA.pl
Daniel ;NOWAK ;111111281;Daniel @NOWAK .pl
Omar;Abd Alla;111111280;Omar@Abd Alla.pl
Paweł;Lenik;111111279;Paweł@Lenik.pl
Dominika;Siodłak;111111278;Dominika@Siodłak.pl
Beata ;Niewitowska;111111277;Beata @Niewitowska.pl
Agnieszka;Suchowska;111111276;Agnieszka@Suchowska.pl
Kamil;Węgrzyniak;111111275;Kamil@Węgrzyniak.pl
Justyna Łada;Wawrzeń;111111274;Justyna Łada@Wawrzeń.pl
Szymon;Windys;111111273;Szymon@Windys.pl
Dorota;Marzec;111111272;Dorota@Marzec.pl
Jacek;Gawor;111111271;Jacek@Gawor.pl
Lucyna;Stokłosa;111111270;Lucyna@Stokłosa.pl
władysław;kowalczyk;111111269;władysław@kowalczyk.pl
Jerzy;Kurbiel;111111268;Jerzy@Kurbiel.pl
Sylwia;Pacgacz;111111267;Sylwia@Pacgacz.pl
Jakub;Radecki;111111266;Jakub@Radecki.pl
Bogdan Maślanka;Maślanka;111111265;Bogdan Maślanka@Maślanka.pl
Patrycja;Eltringham;111111264;Patrycja@Eltringham.pl
Mateusz;Derewiaka;111111263;Mateusz@Derewiaka.pl
Klaudia;Wilkosz;111111262;Klaudia@Wilkosz.pl
Dorota;Ołów Kawula;111111261;Dorota@Ołów Kawula.pl
WALDEMAR;GWIZDEK;111111260;WALDEMAR@GWIZDEK.pl
Jacek ;Turczyński;111111259;Jacek @Turczyński.pl
Jacek ;Turczyński;111111258;Jacek @Turczyński.pl
Adrian Kot;Kot;111111257;Adrian Kot@Kot.pl
Adrian;Kot;111111256;Adrian@Kot.pl
Michał Daniel;Daniel;111111255;Michał Daniel@Daniel.pl
Monika;Mazur ;111111254;Monika@Mazur .pl
ANNA;BIERNAT;111111253;ANNA@BIERNAT.pl
ANNA;BIERNAT;111111252;ANNA@BIERNAT.pl
Paulina;Gajos;111111251;Paulina@Gajos.pl
Sławomir;Kozera;111111250;Sławomir@Kozera.pl
Arleta;Ściepura;111111249;Arleta@Ściepura.pl
Bogusław;Kurzawa;111111248;Bogusław@Kurzawa.pl
Teresa;Wietrzykowska;111111247;Teresa@Wietrzykowska.pl
Marcin;Rybiński;111111246;Marcin@Rybiński.pl
Urszula Wyparło;Wyparło;111111245;Urszula Wyparło@Wyparło.pl
Sławomir;Bigaj;111111244;Sławomir@Bigaj.pl
Artur Raczkowski;Raczkowski;111111243;Artur Raczkowski@Raczkowski.pl
Patryk ;Gajos ;111111242;Patryk @Gajos .pl
Dariusz Krzystanek;Krzystanek;111111241;Dariusz Krzystanek@Krzystanek.pl
Patryk ;Gajos ;111111240;Patryk @Gajos .pl
Dawid;Nabagło;111111239;Dawid@Nabagło.pl
Patryk ;Gajos ;111111238;Patryk @Gajos .pl
Sebastian ;Surdziel;111111237;Sebastian @Surdziel.pl
Paweł ;Pytel;111111236;Paweł @Pytel.pl
Paulina;Gola;111111235;Paulina@Gola.pl
Wioleta ;Sałek ;111111234;Wioleta @Sałek .pl
Karolina ;Gasek;111111233;Karolina @Gasek.pl
Dawid;Grzyb;111111232;Dawid@Grzyb.pl
Adam ;Sroka;111111231;Adam @Sroka.pl
Alicja Rzepecka;Rzepecka;111111230;Alicja Rzepecka@Rzepecka.pl
Grzegorz;Bogusz;111111229;Grzegorz@Bogusz.pl
Daniel;Furtak;111111228;Daniel@Furtak.pl
Daniel;Furtak;111111227;Daniel@Furtak.pl
Piotrek Krzystanek;Krzystanek;111111226;Piotrek Krzystanek@Krzystanek.pl
Piotrek Krzystanek;Krzystanek;111111225;Piotrek Krzystanek@Krzystanek.pl
Angelika;Paszcza ;111111224;Angelika@Paszcza .pl
Aneta Hanus;Hanus;111111223;Aneta Hanus@Hanus.pl
Iwona Siekierska;Siekierska;111111222;Iwona Siekierska@Siekierska.pl
Maksymilian;Maniocha;111111221;Maksymilian@Maniocha.pl
Rafal ;Pisarek;111111220;Rafal @Pisarek.pl
Karol Steczko;Steczko;111111219;Karol Steczko@Steczko.pl
Arkadiusz ;Liszka ;111111218;Arkadiusz @Liszka .pl
Sabina;Żaczek;111111217;Sabina@Żaczek.pl
Paweł;Mirek;111111216;Paweł@Mirek.pl
Marcin;Rogozik;111111215;Marcin@Rogozik.pl
Mateusz Domka;Domka;111111214;Mateusz Domka@Domka.pl
Rafał;Szczuka;111111213;Rafał@Szczuka.pl
Karolina ;Korpak;111111212;Karolina @Korpak.pl
Dariusz;Guzik;111111211;Dariusz@Guzik.pl
Emilia ;Kosek;111111210;Emilia @Kosek.pl
Sebastian;Starowicz;111111209;Sebastian@Starowicz.pl
ANNA;KASPEREK;111111208;ANNA@KASPEREK.pl
Kamil Kubaty;Kubaty;111111207;Kamil Kubaty@Kubaty.pl
Piotr;Paszcza;111111206;Piotr@Paszcza.pl
Mateusz ;Wąż;111111205;Mateusz @Wąż.pl
Krzysztof;Żurowski;111111204;Krzysztof@Żurowski.pl
Jaroslaw ;Kuciel;111111203;Jaroslaw @Kuciel.pl
Edyta;Czopek;111111202;Edyta@Czopek.pl
Tomasz Gertner;Gertner;111111201;Tomasz Gertner@Gertner.pl
Barbara ;Gałczyk;111111200;Barbara @Gałczyk.pl
Leszek;Goraj;111111199;Leszek@Goraj.pl
Jacek;Stachura;111111198;Jacek@Stachura.pl
Marcin Opoka;Opoka;111111197;Marcin Opoka@Opoka.pl
Barbara;Korzeniak;111111196;Barbara@Korzeniak.pl
Arkadiusz;Siuta;111111195;Arkadiusz@Siuta.pl
Piotr;Brzózka;111111194;Piotr@Brzózka.pl
Piotr;Brzózka;111111193;Piotr@Brzózka.pl
Joanna;Buczek;111111192;Joanna@Buczek.pl
Paulina Niemiec;Niemiec;111111191;Paulina Niemiec@Niemiec.pl
MARIUSZ;MAJEWSKI;111111190;MARIUSZ@MAJEWSKI.pl
Andrzej;Czarnik;111111189;Andrzej@Czarnik.pl
Sylwia ;Tomasiczek;111111188;Sylwia @Tomasiczek.pl
Magdalena ;Krowiak;111111187;Magdalena @Krowiak.pl
Magdalena ;Krowiak;111111186;Magdalena @Krowiak.pl
Magdalena ;Krowiak;111111185;Magdalena @Krowiak.pl
Filip Połatyński;Połatyński;111111184;Filip Połatyński@Połatyński.pl
Arkadiusz Wąsiołek;Wąsiołek;111111183;Arkadiusz Wąsiołek@Wąsiołek.pl
Marcin Opoka;Opoka;111111182;Marcin Opoka@Opoka.pl
Krzysztof;Cuber;111111181;Krzysztof@Cuber.pl
Michal;Dziki;111111180;Michal@Dziki.pl
Rafał;Wróbel ;111111179;Rafał@Wróbel .pl
Marcin;Gajoch;111111178;Marcin@Gajoch.pl
Grzegorz;Czak;111111177;Grzegorz@Czak.pl
Anna;Pałka;111111176;Anna@Pałka.pl
Michał;Ratoń;111111175;Michał@Ratoń.pl
Mariusz;Nogaj;111111174;Mariusz@Nogaj.pl
Paweł;Ziarko;111111173;Paweł@Ziarko.pl
grzegorz;ibek;111111172;grzegorz@ibek.pl
KRZYSZTOF;KOŁODZIEJ;111111171;KRZYSZTOF@KOŁODZIEJ.pl
Marian;Duda;111111170;Marian@Duda.pl
Dawid ;Grudnik ;111111169;Dawid @Grudnik .pl
Przemysław ;Zwoliński;111111168;Przemysław @Zwoliński.pl
Dariusz;Sieroń;111111167;Dariusz@Sieroń.pl
Tomasz;Mucha;111111166;Tomasz@Mucha.pl
Bogdan;Karalus;111111165;Bogdan@Karalus.pl
Katarzyna;Mokrzyszewska ;111111164;Katarzyna@Mokrzyszewska .pl
Jan;Pawlak;111111163;Jan@Pawlak.pl
Jan;Pawlak;111111162;Jan@Pawlak.pl
Mateusz ;Matysiak;111111161;Mateusz @Matysiak.pl
Mariusz;Mazur;111111160;Mariusz@Mazur.pl
Jan;Pawlak;111111159;Jan@Pawlak.pl
Krzysztof ;Mitonski ;111111158;Krzysztof @Mitonski .pl
Sebastian;Dzierwa;111111157;Sebastian@Dzierwa.pl
Radosław;Pudlak;111111156;Radosław@Pudlak.pl
Dominika ;Mucha ;111111155;Dominika @Mucha .pl
Ewa;Smach;111111154;Ewa@Smach.pl
Katarzyna;Nowak-Dzieszko;111111153;Katarzyna@Nowak-Dzieszko.pl
Jan;Pawlikowski;111111152;Jan@Pawlikowski.pl
Weronika;Kaszubowska;111111151;Weronika@Kaszubowska.pl
Damian;Chucherko;111111150;Damian@Chucherko.pl
Paweł;Dziwisz;111111149;Paweł@Dziwisz.pl
dominik;orzechowski;111111148;dominik@orzechowski.pl
dwqmdoqiwdmqwo;mdoqiwmdoqiwmdoq;111111147;dwqmdoqiwdmqwo@mdoqiwmdoqiwmdoq.pl
dqwmiodqwmdoqiw;mdoqwmdoqwmo;111111146;dqwmiodqwmdoqiw@mdoqwmdoqwmo.pl
dominik;orz;111111145;dominik@orz.pl
dmwqiodmoqiwdmqwoi;mdoqiwmdoqiwmdqw;111111144;dmwqiodmoqiwdmqwoi@mdoqiwmdoqiwmdqw.pl
dmqwoidmqwoidmqw;mdoqiwdmoqiwdmqwoi;111111143;dmqwoidmqwoidmqw@mdoqiwdmoqiwdmqwoi.pl
dmqwiodmqwoi;dmoqiwdmoqwdqw;111111142;dmqwiodmqwoi@dmoqiwdmoqwdqw.pl
dominik;dmqwoidmoqiwd;111111141;dominik@dmqwoidmoqiwd.pl
dmwoqidmqwoi;moidm;111111140;dmwoqidmqwoi@moidm.pl
Klaudiusz;Dubiel;111111139;Klaudiusz@Dubiel.pl
domio;dmqwoidmqwo;111111138;domio@dmqwoidmqwo.pl
jaca;qdasdqw;111111137;jaca@qdasdqw.pl
dmqwoidmqwoi;dmqwoidmqwoidqw;111111136;dmqwoidmqwoi@dmqwoidmqwoidqw.pl
dmioqwdmoqiw;mdoqiwmdoqiwdmq;111111135;dmioqwdmoqiw@mdoqiwmdoqiwdmq.pl
dmdoqiwmdoqi;mdoqidmoqwidmq;111111134;dmdoqiwmdoqi@mdoqidmoqwidmq.pl
dqwmidmqwoi;mdoqiwdmoqiw;111111133;dqwmidmqwoi@mdoqiwdmoqiw.pl
dmwqiodmqwoi;dmoqiwmdoqiwdmqoiw;111111132;dmwqiodmqwoi@dmoqiwmdoqiwdmqoiw.pl
dwqmdioqwdmqwoi;mdoqiwmdoqiwdmoqiw;111111131;dwqmdioqwdmqwoi@mdoqiwmdoqiwdmoqiw.pl
dmiodmqoiq;dmoqwidmqwoidmqo;111111130;dmiodmqoiq@dmoqwidmqwoidmqo.pl
dominik;dqwmdiqwmdoqiw;111111129;dominik@dqwmdiqwmdoqiw.pl
dmoidmoidmoi;dmoimqwoidmqwoidmqw;111111128;dmoidmoidmoi@dmoimqwoidmqwoidmqw.pl
domoiniok;dmqwoidmqwodq;111111127;domoiniok@dmqwoidmqwodq.pl
doinikmio;dmqoidmqdqwdqwniom;111111126;doinikmio@dmqoidmqdqwdqwniom.pl
dmkidmqwoidqw;mdoqiwmdoqwdmqwo;111111125;dmkidmqwoidqw@mdoqiwmdoqwdmqwo.pl
dqwdmqwoidmqwoi;mqwmdqwmdoqiwm;111111124;dqwdmqwoidmqwoi@mqwmdqwmdoqiwm.pl
Hubert;Zawisza;111111123;Hubert@Zawisza.pl
Hubert;Zawisza;111111122;Hubert@Zawisza.pl
dominik;orzechowski;111111121;dominik@orzechowski.pl
Hub;Zaw;111111120;Hub@Zaw.pl
dmoidmmdoimoi;dmoidmwqoidmqwoidmqwoi;111111119;dmoidmmdoimoi@dmoidmwqoidmqwoidmqwoi.pl
asd;asd;111111118;asd@asd.pl
dmoidmqiwmdqidmdoi;dmoqidmqwoidmiqwodqw;111111117;dmoidmqiwmdqidmdoi@dmoqidmqwoidmiqwodqw.pl
dodmqwmdoqiw;mdoqiwdmoqiwmdoqiw;111111116;dodmqwmdoqiw@mdoqiwdmoqiwmdoqiw.pl
dmiodmeime;mdoqwmdqdqwoi;111111115;dmiodmeime@mdoqwmdqdqwoi.pl
Hub;Zaw;111111114;Hub@Zaw.pl
asdasd;asdasd;111111113;asdasd@asdasd.pl
dmdioqwdmoqwid;mdoqiwmdoqiwdmqwoi;111111112;dmdioqwdmoqwid@mdoqiwmdoqiwdmqwoi.pl
dwqdqwdqw;dqwdqwdqw;111111111;dwqdqwdqw@dqwdqwdqw.pl
